3,39.908765,16.880699,82.3
4,39.908045,16.863753,78.74
5,39.900912,16.856073,75.48
6,39.90809,16.868889,72.22
7,39.908114,16.878043,68.96
8,39.908103,16.878041,65.7
9,39.908093,16.878038,62.44
10,39.907954,16.877987,59.18
11,39.907806,16.877932,55.92
12,39.9078,16.87793,52.66
13,39.907817,16.877929,49.4
14,39.907837,16.877928,46.14
15,39.907509,16.877877,42.88
16,39.907359,16.877821,39.62
17,39.907427,16.877796,36.36
18,39.907341,16.877789,33.1
19,39.907331,16.877772,29.84
20,39.907048,16.877646,26.58
21,39.907086,16.877452,23.32
22,39.906833,16.877255,20.06
23,41.45407,16.711612,16.8
24,41.159662,16.813566,11.4
25,40.949079,21.305689,7.2
64,31.943728,29.064323,75.48
86,33.019621,29.536229,75.48
87,48.9,21.025,20.06
88,30.9,21.025,20.06
89,48.9,21.025,23.32
90,30.9,21.025,23.32
91,48.9,21.025,26.58
92,30.9,21.025,26.58
93,48.9,21.025,29.84
94,30.9,21.025,29.84
95,34.123328,29.938808,75.48
96,35.250387,30.270434,75.48
97,36.396243,30.529766,75.48
98,37.556263,30.715756,75.48
99,38.725758,30.827651,75.48
100,39.9,30.865,82.3
101,41.074242,30.827651,75.48
102,42.243737,30.715756,75.48
103,43.403757,30.529766,75.48
104,44.549613,30.270434,75.48
109,45.676672,29.938808,75.48
110,46.780379,29.536229,75.48
111,39.9,2.885,82.3
112,39.9,2.885,78.74
113,47.856272,29.064323,75.48
114,31.943728,29.064323,78.74
119,33.019621,29.536229,78.74
120,34.123328,29.938808,78.74
121,35.250387,30.270434,78.74
122,36.396243,30.529766,78.74
123,48.9,21.025,33.1
124,30.9,21.025,33.1
125,48.9,21.025,36.36
126,30.9,21.025,36.36
127,48.9,21.025,39.62
128,30.9,21.025,39.62
129,30.9,12.725,39.62
130,48.9,12.725,39.62
131,48.9,21.025,42.88
132,48.9,12.725,42.88
133,30.9,12.725,42.88
134,30.9,21.025,42.88
135,48.9,21.025,46.14
136,30.9,21.025,46.14
137,30.9,12.725,46.14
138,48.9,12.725,46.14
139,53.4,1.125,7.2
141,37.556263,30.715756,78.74
142,38.725758,30.827651,78.74
143,41.074242,30.827651,78.74
144,42.243737,30.715756,78.74
149,43.403757,30.529766,78.74
150,44.549613,30.270434,78.74
151,45.676672,29.938808,78.74
152,46.780379,29.536229,78.74
153,47.856272,29.064323,78.74
154,47.856272,4.6856765,78.74
155,46.780379,4.2137712,78.74
156,45.676672,3.8111918,78.74
157,44.549613,3.4795658,78.74
158,43.403757,3.2202338,78.74
159,42.243737,3.0342442,78.74
160,41.074242,2.9223488,78.74
161,38.725758,2.9223488,78.74
162,37.556263,3.0342442,78.74
164,53.4,3.675,7.2
165,53.4,4.5,7.2
167,30.9,28.525,20.06
168,30.9,28.525,16.8
169,35.4,28.525,20.06
170,35.4,28.525,16.8
171,48.9,21.025,49.4
172,30.9,21.025,49.4
181,48.9,21.025,82.3
182,30.9,21.025,82.3
183,48.9,12.725,82.3
184,30.9,12.725,82.3
185,48.9,21.025,78.74
186,48.9,12.725,78.74
187,30.9,12.725,78.74
188,30.9,21.025,78.74
189,48.9,21.025,75.48
190,48.9,12.725,75.48
191,30.9,12.725,75.48
192,30.9,21.025,75.48
193,48.9,21.025,72.22
194,30.9,21.025,72.22
195,30.9,12.725,72.22
196,48.9,12.725,72.22
197,48.9,21.025,68.96
198,48.9,12.725,68.96
199,30.9,12.725,68.96
200,30.9,21.025,68.96
201,48.9,21.025,65.7
202,48.9,12.725,65.7
203,30.9,12.725,65.7
204,30.9,21.025,65.7
205,48.9,21.025,62.44
206,48.9,12.725,62.44
207,30.9,12.725,62.44
208,30.9,21.025,62.44
209,48.9,21.025,59.18
210,48.9,12.725,59.18
211,30.9,12.725,59.18
212,30.9,21.025,59.18
213,48.9,21.025,55.92
214,30.9,21.025,55.92
215,30.9,12.725,55.92
216,48.9,12.725,55.92
217,48.9,21.025,52.66
218,48.9,12.725,52.66
219,30.9,12.725,52.66
220,30.9,21.025,52.66
221,48.9,21.025,7.2
222,48.9,12.725,7.2
223,30.9,12.725,7.2
224,30.9,21.025,7.2
225,39.9,28.525,20.06
226,39.9,28.525,16.8
231,53.4,28.525,7.2
232,53.4,5.225,7.2
233,26.4,5.225,7.2
234,26.4,28.525,7.2
235,53.4,28.525,11.4
236,53.4,5.225,11.4
237,26.4,5.225,11.4
238,26.4,28.525,11.4
239,53.4,28.525,16.8
240,53.4,5.225,16.8
241,26.4,5.225,16.8
242,26.4,28.525,16.8
243,53.4,28.525,20.06
244,26.4,28.525,20.06
245,26.4,5.225,20.06
246,53.4,5.225,20.06
247,53.4,28.525,23.32
248,26.4,28.525,23.32
249,26.4,5.225,23.32
250,53.4,5.225,23.32
251,26.4,5.225,26.58
252,26.4,28.525,26.58
253,53.4,28.525,26.58
254,53.4,5.225,26.58
255,26.4,28.525,29.84
256,26.4,5.225,29.84
257,53.4,28.525,29.84
258,53.4,5.225,29.84
259,26.4,28.525,33.1
260,26.4,5.225,33.1
261,53.4,28.525,33.1
262,53.4,5.225,33.1
263,53.4,28.525,36.36
264,53.4,5.225,36.36
265,26.4,5.225,36.36
266,26.4,28.525,36.36
267,26.4,28.525,39.62
268,26.4,5.225,39.62
269,53.4,28.525,39.62
270,53.4,5.225,39.62
271,26.4,28.525,42.88
272,26.4,5.225,42.88
273,53.4,28.525,42.88
274,53.4,5.225,42.88
275,26.4,28.525,46.14
276,26.4,5.225,46.14
277,53.4,28.525,46.14
278,53.4,5.225,46.14
279,26.4,28.525,49.4
280,26.4,5.225,49.4
281,53.4,28.525,49.4
282,53.4,5.225,49.4
283,53.4,28.525,52.66
284,26.4,28.525,52.66
285,26.4,5.225,52.66
286,53.4,5.225,52.66
287,26.4,28.525,55.92
288,26.4,5.225,55.92
289,53.4,28.525,55.92
290,53.4,5.225,55.92
291,26.4,28.525,59.18
292,26.4,5.225,59.18
293,53.4,5.225,59.18
294,53.4,28.525,59.18
295,26.4,28.525,62.44
296,26.4,5.225,62.44
297,53.4,5.225,62.44
298,53.4,28.525,62.44
299,53.4,28.525,65.7
300,26.4,28.525,65.7
301,26.4,5.225,65.7
302,53.4,5.225,65.7
303,26.4,28.525,68.96
304,26.4,5.225,68.96
305,53.4,5.225,68.96
306,53.4,28.525,68.96
307,26.4,28.525,72.22
308,26.4,5.225,72.22
309,53.4,28.525,72.22
310,53.4,5.225,72.22
311,26.4,28.525,75.48
312,26.4,5.225,75.48
313,53.4,28.525,75.48
314,53.4,5.225,75.48
315,26.4,28.525,78.74
316,26.4,5.225,78.74
317,53.4,28.525,78.74
318,53.4,5.225,78.74
319,26.4,28.525,82.3
320,26.4,5.225,82.3
321,53.4,5.225,82.3
322,53.4,28.525,82.3
323,44.4,28.525,20.06
324,44.4,28.525,16.8
325,48.9,28.525,20.06
326,48.9,28.525,16.8
327,30.9,5.225,20.06
328,30.9,5.225,16.8
329,35.4,5.225,20.06
330,35.4,5.225,16.8
331,39.9,5.225,20.06
332,39.9,5.225,16.8
333,44.4,5.225,20.06
334,44.4,5.225,16.8
335,48.9,5.225,20.06
336,48.9,5.225,16.8
337,48.9,1.125,7.2
339,26.4,12.725,20.06
340,26.4,12.725,16.8
341,26.4,21.025,20.06
342,26.4,21.025,16.8
343,53.4,12.725,20.06
344,53.4,12.725,16.8
345,53.4,21.025,20.06
346,53.4,21.025,16.8
347,35.4,21.025,20.06
348,39.9,21.025,20.06
349,44.4,21.025,20.06
350,35.4,12.725,20.06
351,39.9,12.725,20.06
352,44.4,12.725,20.06
353,26.4,9.725,20.06
354,26.4,22.9,20.06
355,30.9,9.725,20.06
356,30.9,22.9,20.06
357,35.4,9.725,20.06
358,35.4,22.9,20.06
359,39.9,9.725,20.06
360,39.9,22.9,20.06
361,44.4,9.725,20.06
362,44.4,22.9,20.06
363,48.9,9.725,20.06
364,48.9,22.9,20.06
365,48.9,3.675,7.2
368,53.4,9.725,20.06
369,53.4,22.9,20.06
370,30.9,28.525,11.4
371,30.9,28.525,7.2
373,35.4,28.525,11.4
374,35.4,28.525,7.2
376,39.9,28.525,11.4
377,39.9,28.525,7.2
379,44.4,28.525,11.4
380,44.4,28.525,7.2
382,48.9,28.525,11.4
383,48.9,28.525,7.2
385,30.9,5.225,11.4
386,30.9,5.225,7.2
388,35.4,5.225,11.4
389,35.4,5.225,7.2
391,39.9,5.225,11.4
392,39.9,5.225,7.2
394,44.4,5.225,11.4
395,44.4,5.225,7.2
397,48.9,5.225,11.4
398,48.9,5.225,7.2
400,26.4,12.725,11.4
401,26.4,12.725,7.2
403,26.4,21.025,11.4
404,26.4,21.025,7.2
406,53.4,12.725,11.4
407,53.4,12.725,7.2
409,53.4,21.025,11.4
410,53.4,21.025,7.2
412,26.4,9.725,11.4
413,26.4,9.725,16.8
414,26.4,9.725,7.2
415,26.4,22.9,11.4
416,26.4,22.9,16.8
417,26.4,22.9,7.2
421,46.175,28.525,11.4
427,35.4,12.725,11.4
428,35.4,12.725,16.8
429,35.4,12.725,7.2
430,35.4,21.025,11.4
431,35.4,21.025,16.8
432,35.4,21.025,7.2
435,46.15,24.8125,7.2
439,39.9,12.725,11.4
440,39.9,12.725,16.8
441,39.9,12.725,7.2
442,39.9,21.025,11.4
443,39.9,21.025,16.8
444,39.9,21.025,7.2
450,53.4,7.525,16.8
451,44.4,12.725,11.4
452,44.4,12.725,16.8
453,44.4,12.725,7.2
454,44.4,21.025,11.4
455,44.4,21.025,16.8
456,44.4,21.025,7.2
461,53.4,7.525,7.2
464,46.15,24.8125,11.4
466,48.9,4.5,7.2
467,44.4,3.675,7.2
468,44.4,4.5,7.2
469,44.4,1.125,7.2
470,39.9,3.675,7.2
471,39.9,4.5,7.2
478,54.9,28.525,82.3
479,54.9,28.525,78.74
480,54.9,28.525,72.22
481,54.9,28.525,68.96
482,54.9,28.525,65.7
483,54.9,28.525,62.44
484,54.9,28.525,59.18
485,54.9,28.525,55.92
486,54.9,28.525,52.66
487,54.9,28.525,49.4
488,54.9,28.525,46.14
489,54.9,28.525,42.88
490,54.9,28.525,39.62
491,54.9,28.525,36.36
492,54.9,28.525,33.1
493,54.9,28.525,29.84
494,54.9,28.525,26.58
495,54.9,28.525,23.32
496,54.9,28.525,20.06
497,54.9,21.025,82.3
498,54.9,21.025,78.74
499,54.9,21.025,72.22
500,54.9,21.025,68.96
501,54.9,21.025,65.7
502,54.9,21.025,62.44
503,54.9,21.025,59.18
504,54.9,21.025,55.92
505,54.9,21.025,52.66
506,54.9,21.025,49.4
507,54.9,21.025,46.14
508,54.9,21.025,42.88
509,54.9,21.025,39.62
510,54.9,21.025,36.36
511,54.9,21.025,33.1
512,54.9,21.025,29.84
513,54.9,21.025,26.58
514,54.9,21.025,23.32
515,54.9,21.025,20.06
516,24.9,21.025,82.3
517,24.9,21.025,78.74
518,24.9,21.025,72.22
519,24.9,21.025,68.96
520,24.9,21.025,65.7
521,24.9,21.025,62.44
522,24.9,21.025,59.18
523,24.9,21.025,55.92
524,24.9,21.025,52.66
525,24.9,21.025,49.4
526,24.9,21.025,46.14
527,24.9,21.025,42.88
528,24.9,21.025,39.62
529,24.9,21.025,36.36
530,24.9,21.025,33.1
531,24.9,21.025,29.84
532,24.9,21.025,26.58
533,24.9,21.025,23.32
534,24.9,21.025,20.06
535,24.9,28.525,82.3
536,24.9,28.525,78.74
537,24.9,28.525,72.22
538,24.9,28.525,68.96
539,24.9,28.525,65.7
540,24.9,28.525,62.44
541,24.9,28.525,59.18
542,24.9,28.525,55.92
543,24.9,28.525,52.66
544,24.9,28.525,49.4
545,24.9,28.525,46.14
546,24.9,28.525,42.88
547,24.9,28.525,39.62
548,24.9,28.525,36.36
549,24.9,28.525,33.1
550,24.9,28.525,29.84
551,24.9,28.525,26.58
554,24.9,28.525,23.32
555,30.9,28.525,82.3
556,30.9,28.525,78.74
557,30.9,28.525,75.48
558,30.9,28.525,72.22
559,30.9,28.525,68.96
560,30.9,28.525,65.7
561,30.9,28.525,62.44
562,30.9,28.525,59.18
563,30.9,28.525,55.92
564,30.9,28.525,52.66
565,30.9,28.525,49.4
566,30.9,28.525,46.14
567,30.9,28.525,42.88
568,30.9,28.525,39.62
569,30.9,28.525,36.36
570,30.9,28.525,33.1
571,30.9,28.525,29.84
572,30.9,28.525,26.58
573,30.9,28.525,23.32
574,35.4,28.525,82.3
575,35.4,28.525,78.74
576,35.4,28.525,75.48
577,35.4,28.525,72.22
578,35.4,28.525,68.96
579,35.4,28.525,65.7
580,35.4,28.525,62.44
581,35.4,28.525,59.18
582,35.4,28.525,55.92
583,35.4,28.525,52.66
584,35.4,28.525,49.4
585,35.4,28.525,46.14
586,35.4,28.525,42.88
587,35.4,28.525,39.62
588,35.4,28.525,36.36
589,35.4,28.525,33.1
590,35.4,28.525,29.84
591,35.4,28.525,26.58
592,35.4,28.525,23.32
593,39.9,28.525,82.3
594,39.9,28.525,78.74
595,39.9,28.525,75.48
596,39.9,28.525,72.22
597,39.9,28.525,68.96
598,39.9,28.525,65.7
599,39.9,28.525,62.44
600,39.9,28.525,59.18
601,39.9,28.525,55.92
602,39.9,28.525,52.66
603,39.9,28.525,49.4
604,39.9,28.525,46.14
605,39.9,28.525,42.88
606,39.9,28.525,39.62
607,39.9,28.525,36.36
608,39.9,28.525,33.1
609,39.9,28.525,29.84
610,39.9,28.525,26.58
611,39.9,28.525,23.32
612,44.4,28.525,82.3
613,44.4,28.525,78.74
614,44.4,28.525,75.48
615,44.4,28.525,72.22
616,44.4,28.525,68.96
617,44.4,28.525,65.7
618,44.4,28.525,62.44
619,44.4,28.525,59.18
620,44.4,28.525,55.92
621,44.4,28.525,52.66
622,44.4,28.525,49.4
623,44.4,28.525,46.14
624,44.4,28.525,42.88
625,44.4,28.525,39.62
626,44.4,28.525,36.36
627,44.4,28.525,33.1
628,44.4,28.525,29.84
629,44.4,28.525,26.58
630,44.4,28.525,23.32
631,48.9,28.525,82.3
632,48.9,28.525,78.74
633,48.9,28.525,75.48
634,48.9,28.525,72.22
635,48.9,28.525,68.96
636,48.9,28.525,65.7
637,48.9,28.525,62.44
638,48.9,28.525,59.18
639,48.9,28.525,55.92
640,48.9,28.525,52.66
641,48.9,28.525,49.4
642,48.9,28.525,46.14
643,48.9,28.525,42.88
644,48.9,28.525,39.62
645,48.9,28.525,36.36
646,48.9,28.525,33.1
647,48.9,28.525,29.84
648,48.9,28.525,26.58
649,48.9,28.525,23.32
650,30.9,5.225,82.3
651,30.9,5.225,78.74
652,30.9,5.225,75.48
653,30.9,5.225,72.22
654,30.9,5.225,68.96
655,30.9,5.225,65.7
656,30.9,5.225,62.44
657,30.9,5.225,59.18
658,30.9,5.225,55.92
659,30.9,5.225,52.66
660,30.9,5.225,49.4
661,30.9,5.225,46.14
662,30.9,5.225,42.88
663,30.9,5.225,39.62
664,30.9,5.225,36.36
665,30.9,5.225,33.1
666,30.9,5.225,29.84
667,30.9,5.225,26.58
668,30.9,5.225,23.32
669,35.4,5.225,82.3
670,35.4,5.225,78.74
671,35.4,5.225,75.48
672,35.4,5.225,72.22
673,35.4,5.225,68.96
674,35.4,5.225,65.7
675,35.4,5.225,62.44
676,35.4,5.225,59.18
677,35.4,5.225,55.92
678,35.4,5.225,52.66
679,35.4,5.225,49.4
680,35.4,5.225,46.14
681,35.4,5.225,42.88
682,35.4,5.225,39.62
683,35.4,5.225,36.36
684,35.4,5.225,33.1
685,35.4,5.225,29.84
686,35.4,5.225,26.58
687,35.4,5.225,23.32
688,39.9,5.225,82.3
689,39.9,5.225,78.74
690,39.9,5.225,75.48
691,39.9,5.225,72.22
692,39.9,5.225,68.96
693,39.9,5.225,65.7
694,39.9,5.225,62.44
695,39.9,5.225,59.18
696,39.9,5.225,55.92
697,39.9,5.225,52.66
698,39.9,5.225,49.4
699,39.9,5.225,46.14
700,39.9,5.225,42.88
701,39.9,5.225,39.62
702,39.9,5.225,36.36
703,39.9,5.225,33.1
704,39.9,5.225,29.84
705,39.9,5.225,26.58
706,39.9,5.225,23.32
707,44.4,5.225,82.3
708,44.4,5.225,78.74
709,44.4,5.225,75.48
710,44.4,5.225,72.22
711,44.4,5.225,68.96
712,44.4,5.225,65.7
713,44.4,5.225,62.44
714,44.4,5.225,59.18
715,44.4,5.225,55.92
716,44.4,5.225,52.66
717,44.4,5.225,49.4
718,44.4,5.225,46.14
719,44.4,5.225,42.88
720,44.4,5.225,39.62
721,44.4,5.225,36.36
722,44.4,5.225,33.1
723,44.4,5.225,29.84
724,44.4,5.225,26.58
725,44.4,5.225,23.32
726,48.9,5.225,82.3
727,48.9,5.225,78.74
728,48.9,5.225,75.48
729,48.9,5.225,72.22
730,48.9,5.225,68.96
731,48.9,5.225,65.7
732,48.9,5.225,62.44
733,48.9,5.225,59.18
734,48.9,5.225,55.92
735,48.9,5.225,52.66
736,48.9,5.225,49.4
737,48.9,5.225,46.14
738,48.9,5.225,42.88
739,48.9,5.225,39.62
740,48.9,5.225,36.36
741,48.9,5.225,33.1
742,48.9,5.225,29.84
743,48.9,5.225,26.58
744,48.9,5.225,23.32
745,26.4,12.725,82.3
746,26.4,12.725,78.74
747,26.4,12.725,75.48
748,26.4,12.725,72.22
749,26.4,12.725,68.96
750,26.4,12.725,65.7
751,26.4,12.725,62.44
752,26.4,12.725,59.18
753,26.4,12.725,55.92
754,26.4,12.725,52.66
755,26.4,12.725,49.4
756,26.4,12.725,46.14
757,26.4,12.725,42.88
758,26.4,12.725,39.62
759,26.4,12.725,36.36
760,26.4,12.725,33.1
761,26.4,12.725,29.84
762,26.4,12.725,26.58
763,26.4,12.725,23.32
764,35.4,12.725,82.3
765,35.4,12.725,78.74
766,35.4,12.725,75.48
767,35.4,12.725,72.22
768,35.4,12.725,68.96
769,35.4,12.725,65.7
770,35.4,12.725,62.44
771,39.9,1.125,7.2
772,35.4,12.725,59.18
773,35.4,12.725,55.92
774,35.4,12.725,52.66
775,35.4,12.725,49.4
776,35.4,12.725,46.14
777,35.4,12.725,42.88
778,35.4,12.725,39.62
779,35.4,12.725,36.36
780,35.4,12.725,33.1
781,35.4,12.725,29.84
782,35.4,12.725,26.58
783,35.4,12.725,23.32
784,39.9,12.725,82.3
785,39.9,12.725,78.74
786,39.9,12.725,75.48
787,39.9,12.725,72.22
788,39.9,12.725,68.96
789,39.9,12.725,65.7
790,39.9,12.725,62.44
791,39.9,12.725,59.18
792,39.9,12.725,55.92
793,39.9,12.725,52.66
794,39.9,12.725,49.4
795,39.9,12.725,46.14
796,39.9,12.725,42.88
797,39.9,12.725,39.62
798,39.9,12.725,36.36
799,39.9,12.725,33.1
800,39.9,12.725,29.84
801,39.9,12.725,26.58
802,39.9,12.725,23.32
803,44.4,12.725,82.3
804,44.4,12.725,78.74
805,44.4,12.725,75.48
806,44.4,12.725,72.22
807,44.4,12.725,68.96
808,44.4,12.725,65.7
809,44.4,12.725,62.44
810,44.4,12.725,59.18
811,44.4,12.725,55.92
812,44.4,12.725,52.66
813,44.4,12.725,49.4
814,44.4,12.725,46.14
815,44.4,12.725,42.88
816,44.4,12.725,39.62
817,44.4,12.725,36.36
818,44.4,12.725,33.1
819,44.4,12.725,29.84
820,44.4,12.725,26.58
821,44.4,12.725,23.32
822,53.4,12.725,82.3
823,53.4,12.725,78.74
824,53.4,12.725,75.48
825,53.4,12.725,72.22
826,53.4,12.725,68.96
827,53.4,12.725,65.7
828,53.4,12.725,62.44
829,53.4,12.725,59.18
830,53.4,12.725,55.92
831,53.4,12.725,52.66
832,53.4,12.725,49.4
833,53.4,12.725,46.14
834,53.4,12.725,42.88
835,53.4,12.725,39.62
836,53.4,12.725,36.36
837,53.4,12.725,33.1
838,53.4,12.725,29.84
839,53.4,12.725,26.58
840,53.4,12.725,23.32
841,35.4,21.025,82.3
842,35.4,21.025,78.74
843,35.4,21.025,75.48
844,35.4,21.025,72.22
845,35.4,21.025,68.96
846,35.4,21.025,65.7
847,35.4,21.025,62.44
848,35.4,21.025,59.18
849,35.4,21.025,55.92
850,35.4,21.025,52.66
851,35.4,21.025,49.4
852,35.4,21.025,46.14
853,35.4,21.025,42.88
854,35.4,21.025,39.62
855,35.4,21.025,36.36
856,35.4,21.025,33.1
857,35.4,21.025,29.84
858,35.4,21.025,26.58
859,35.4,21.025,23.32
860,39.9,21.025,82.3
861,39.9,21.025,78.74
862,39.9,21.025,75.48
863,39.9,21.025,72.22
864,39.9,21.025,68.96
865,39.9,21.025,65.7
866,39.9,21.025,62.44
867,39.9,21.025,59.18
868,39.9,21.025,55.92
869,39.9,21.025,52.66
870,39.9,21.025,49.4
871,39.9,21.025,46.14
872,39.9,21.025,42.88
873,39.9,21.025,39.62
874,39.9,21.025,36.36
875,39.9,21.025,33.1
876,39.9,21.025,29.84
877,39.9,21.025,26.58
878,39.9,21.025,23.32
879,44.4,21.025,82.3
880,44.4,21.025,78.74
881,44.4,21.025,75.48
882,44.4,21.025,72.22
883,44.4,21.025,68.96
884,44.4,21.025,65.7
885,44.4,21.025,62.44
886,44.4,21.025,59.18
887,44.4,21.025,55.92
888,44.4,21.025,52.66
889,44.4,21.025,49.4
890,44.4,21.025,46.14
891,44.4,21.025,42.88
892,44.4,21.025,39.62
893,44.4,21.025,36.36
894,44.4,21.025,33.1
895,35.4,1.125,7.2
896,44.4,21.025,29.84
897,44.4,21.025,26.58
898,44.4,21.025,23.32
899,53.4,21.025,82.3
900,53.4,21.025,78.74
901,53.4,21.025,75.48
902,53.4,21.025,72.22
903,53.4,21.025,68.96
904,53.4,21.025,65.7
905,53.4,21.025,62.44
906,53.4,21.025,59.18
907,53.4,21.025,55.92
908,53.4,21.025,52.66
909,53.4,21.025,49.4
910,53.4,21.025,46.14
911,53.4,21.025,42.88
912,53.4,21.025,39.62
913,53.4,21.025,36.36
914,53.4,21.025,33.1
915,53.4,21.025,29.84
916,53.4,21.025,26.58
917,53.4,21.025,23.32
918,26.4,21.025,82.3
919,26.4,21.025,78.74
920,26.4,21.025,75.48
921,26.4,21.025,72.22
922,26.4,21.025,68.96
923,26.4,21.025,65.7
924,26.4,21.025,62.44
925,26.4,21.025,59.18
926,26.4,21.025,55.92
927,26.4,21.025,52.66
928,26.4,21.025,49.4
929,26.4,21.025,46.14
930,26.4,21.025,42.88
931,26.4,21.025,39.62
932,26.4,21.025,36.36
933,26.4,21.025,33.1
934,26.4,21.025,29.84
935,26.4,21.025,26.58
936,26.4,21.025,23.32
937,26.4,9.725,82.3
938,26.4,9.725,78.74
939,26.4,9.725,75.48
940,26.4,9.725,72.22
941,26.4,9.725,68.96
942,26.4,9.725,65.7
943,26.4,9.725,62.44
944,26.4,9.725,59.18
945,26.4,9.725,55.92
946,26.4,9.725,52.66
947,26.4,9.725,49.4
948,26.4,9.725,46.14
949,26.4,9.725,42.88
950,26.4,9.725,39.62
951,26.4,9.725,36.36
952,26.4,9.725,33.1
953,26.4,9.725,29.84
954,26.4,9.725,26.58
955,26.4,9.725,23.32
956,26.4,22.9,82.3
957,26.4,22.9,78.74
958,26.4,22.9,75.48
959,26.4,22.9,72.22
960,26.4,22.9,68.96
961,26.4,22.9,65.7
962,26.4,22.9,62.44
963,35.4,3.675,7.2
964,35.4,4.5,7.2
965,30.9,1.125,7.2
966,30.9,3.675,7.2
973,46.15,26.05,7.2
1007,48.9,6.4625,11.4
1009,26.4,22.9,59.18
1010,26.4,22.9,55.92
1011,26.4,22.9,52.66
1012,26.4,22.9,49.4
1013,26.4,22.9,46.14
1014,26.4,22.9,42.88
1015,26.4,22.9,39.62
1016,26.4,22.9,36.36
1020,26.4,22.9,33.1
1021,26.4,22.9,29.84
1022,26.4,22.9,26.58
1023,26.4,22.9,23.32
1024,30.9,9.725,82.3
1025,30.9,9.725,78.74
1026,30.9,9.725,75.48
1027,30.9,9.725,72.22
1028,30.9,9.725,68.96
1029,30.9,9.725,65.7
1030,30.9,9.725,62.44
1031,30.9,9.725,59.18
1032,30.9,9.725,55.92
1033,30.9,9.725,52.66
1034,30.9,9.725,49.4
1035,30.9,9.725,46.14
1036,30.9,9.725,42.88
1037,30.9,9.725,39.62
1038,30.9,9.725,36.36
1039,30.9,9.725,33.1
1040,30.9,9.725,29.84
1041,30.9,9.725,26.58
1042,30.9,9.725,23.32
1043,30.9,22.9,82.3
1044,30.9,22.9,78.74
1045,30.9,22.9,75.48
1046,30.9,22.9,72.22
1047,30.9,4.5,7.2
1048,30.9,22.9,68.96
1049,30.9,22.9,65.7
1050,30.9,22.9,62.44
1051,30.9,22.9,59.18
1052,30.9,22.9,55.92
1053,30.9,22.9,52.66
1054,30.9,22.9,49.4
1055,30.9,22.9,46.14
1056,30.9,22.9,42.88
1057,30.9,22.9,39.62
1058,30.9,22.9,36.36
1059,30.9,22.9,33.1
1060,30.9,22.9,29.84
1061,30.9,22.9,26.58
1062,30.9,22.9,23.32
1063,35.4,9.725,82.3
1064,35.4,9.725,78.74
1065,35.4,9.725,75.48
1066,35.4,9.725,72.22
1067,35.4,9.725,68.96
1068,35.4,9.725,65.7
1069,35.4,9.725,62.44
1070,35.4,9.725,59.18
1071,35.4,9.725,55.92
1072,35.4,9.725,52.66
1073,35.4,9.725,49.4
1074,35.4,9.725,46.14
1075,35.4,9.725,42.88
1076,35.4,9.725,39.62
1081,53.4,19.4,75.48
1082,53.4,14.4,75.48
1085,53.4,19.4,78.74
1086,35.4,9.725,36.36
1087,35.4,9.725,33.1
1088,35.4,9.725,29.84
1089,35.4,9.725,26.58
1090,35.4,9.725,23.32
1091,35.4,22.9,82.3
1092,35.4,22.9,78.74
1093,35.4,22.9,75.48
1094,35.4,22.9,72.22
1095,35.4,22.9,68.96
1096,35.4,22.9,65.7
1097,35.4,22.9,62.44
1098,35.4,22.9,59.18
1099,35.4,22.9,55.92
1100,35.4,22.9,52.66
1101,35.4,22.9,49.4
1102,35.4,22.9,46.14
1103,35.4,22.9,42.88
1104,35.4,22.9,39.62
1105,35.4,22.9,36.36
1106,35.4,22.9,33.1
1107,35.4,22.9,29.84
1108,35.4,22.9,26.58
1109,35.4,22.9,23.32
1110,39.9,9.725,82.3
1111,39.9,9.725,78.74
1112,39.9,9.725,75.48
1113,39.9,9.725,72.22
1114,39.9,9.725,68.96
1115,39.9,9.725,65.7
1116,39.9,9.725,62.44
1117,39.9,9.725,59.18
1118,39.9,9.725,55.92
1119,39.9,9.725,52.66
1120,39.9,9.725,49.4
1121,39.9,9.725,46.14
1122,39.9,9.725,42.88
1123,39.9,9.725,39.62
1124,39.9,9.725,36.36
1125,39.9,9.725,33.1
1126,39.9,9.725,29.84
1127,39.9,9.725,26.58
1128,39.9,9.725,23.32
1129,39.9,22.9,82.3
1130,39.9,22.9,78.74
1133,39.9,22.9,75.48
1134,39.9,22.9,72.22
1135,39.9,22.9,68.96
1136,39.9,22.9,65.7
1137,39.9,22.9,62.44
1138,39.9,22.9,59.18
1139,39.9,22.9,55.92
1140,39.9,22.9,52.66
1141,39.9,22.9,49.4
1142,39.9,22.9,46.14
1143,39.9,22.9,42.88
1144,39.9,22.9,39.62
1145,39.9,22.9,36.36
1146,39.9,22.9,33.1
1147,39.9,22.9,29.84
1148,39.9,22.9,26.58
1149,39.9,22.9,23.32
1150,44.4,9.725,82.3
1151,44.4,9.725,78.74
1152,44.4,9.725,75.48
1153,44.4,9.725,72.22
1154,44.4,9.725,68.96
1155,44.4,9.725,65.7
1156,44.4,9.725,62.44
1157,44.4,9.725,59.18
1158,44.4,9.725,55.92
1159,44.4,9.725,52.66
1160,44.4,9.725,49.4
1161,44.4,9.725,46.14
1162,44.4,9.725,42.88
1163,44.4,9.725,39.62
1164,44.4,9.725,36.36
1165,44.4,9.725,33.1
1166,44.4,9.725,29.84
1167,44.4,9.725,26.58
1168,44.4,9.725,23.32
1169,44.4,22.9,82.3
1170,44.4,22.9,78.74
1171,44.4,22.9,75.48
1172,44.4,22.9,72.22
1173,44.4,22.9,68.96
1174,44.4,22.9,65.7
1175,44.4,22.9,62.44
1176,44.4,22.9,59.18
1177,44.4,22.9,55.92
1178,44.4,22.9,52.66
1179,44.4,22.9,49.4
1180,44.4,22.9,46.14
1181,44.4,22.9,42.88
1182,44.4,22.9,39.62
1183,44.4,22.9,36.36
1184,44.4,22.9,33.1
1185,44.4,22.9,29.84
1186,44.4,22.9,26.58
1188,44.4,22.9,23.32
1189,48.9,9.725,82.3
1190,48.9,9.725,78.74
1191,48.9,9.725,75.48
1192,48.9,9.725,72.22
1193,48.9,9.725,68.96
1194,48.9,9.725,65.7
1195,48.9,9.725,62.44
1196,48.9,9.725,59.18
1197,48.9,9.725,55.92
1198,48.9,9.725,52.66
1199,48.9,9.725,49.4
1200,48.9,9.725,46.14
1201,48.9,9.725,42.88
1202,48.9,9.725,39.62
1203,48.9,9.725,36.36
1204,48.9,9.725,33.1
1205,48.9,9.725,29.84
1206,48.9,9.725,26.58
1207,48.9,9.725,23.32
1208,48.9,22.9,82.3
1209,48.9,22.9,78.74
1210,48.9,22.9,75.48
1211,48.9,22.9,72.22
1212,48.9,22.9,68.96
1213,48.9,22.9,65.7
1214,48.9,22.9,62.44
1215,26.4,1.125,7.2
1216,48.9,22.9,59.18
1217,48.9,22.9,55.92
1218,48.9,22.9,52.66
1219,48.9,22.9,49.4
1220,48.9,22.9,46.14
1221,48.9,22.9,42.88
1222,48.9,22.9,39.62
1223,48.9,22.9,36.36
1224,48.9,22.9,33.1
1225,48.9,22.9,29.84
1226,48.9,22.9,26.58
1227,48.9,22.9,23.32
1228,53.4,9.725,82.3
1229,53.4,9.725,78.74
1230,53.4,9.725,75.48
1231,53.4,9.725,72.22
1232,53.4,9.725,68.96
1233,53.4,9.725,65.7
1234,53.4,9.725,62.44
1235,53.4,9.725,59.18
1236,53.4,9.725,55.92
1237,53.4,9.725,52.66
1238,53.4,9.725,49.4
1239,53.4,9.725,46.14
1240,53.4,9.725,42.88
1241,53.4,9.725,39.62
1242,53.4,9.725,36.36
1243,26.4,3.675,7.2
1244,53.4,9.725,33.1
1245,53.4,9.725,29.84
1246,53.4,9.725,26.58
1247,53.4,9.725,23.32
1248,53.4,22.9,82.3
1249,53.4,22.9,78.74
1250,53.4,22.9,75.48
1251,53.4,22.9,72.22
1252,53.4,22.9,68.96
1253,53.4,22.9,65.7
1254,53.4,22.9,62.44
1255,53.4,22.9,59.18
1256,53.4,22.9,55.92
1257,53.4,22.9,52.66
1258,53.4,22.9,49.4
1259,53.4,22.9,46.14
1260,53.4,22.9,42.88
1261,53.4,22.9,39.62
1262,53.4,22.9,36.36
1263,53.4,22.9,33.1
1264,53.4,22.9,29.84
1265,53.4,22.9,26.58
1266,53.4,22.9,23.32
1267,24.9,28.525,20.06
1268,53.4,30.075,7.2
1269,53.4,32.625,7.2
1270,53.4,29.25,7.2
1271,59.556363,33.710533,7.2
1272,54.968803,32.693495,7.2
1273,56.525667,32.89846,7.2
1274,58.058743,33.238335,7.2
1275,53.4,14.4,78.74
1276,53.4,35.625,7.2
1277,53.4,39.725,7.2
1278,53.4,42.725,7.2
1279,53.4,44.625,7.2
1280,53.4,50.625,7.2
1281,55.452121,44.986844,7.2
1282,56.101959,43.201428,7.2
1283,57.12802,40.38235,7.2
1284,58.530302,36.529611,7.2
1285,57.282286,36.136113,7.2
1286,56.004723,35.852884,7.2
1287,56.221128,40.096408,7.2
1288,55.292765,39.890595,7.2
1289,54.349998,39.766478,7.2
1290,54.707336,35.68208,7.2
1291,54.08853,42.755062,7.2
1292,53.922934,44.647832,7.2
1293,54.441889,44.716153,7.2
1294,54.952914,44.829445,7.2
1295,54.771821,42.845019,7.2
1296,55.44467,42.994186,7.2
1325,54.9,22.9,75.48
1326,54.9,28.525,75.48
1327,54.9,21.025,75.48
1328,54.9,9.725,75.48
1329,54.9,12.725,75.48
1330,54.9,5.225,75.48
1331,24.9,5.225,75.48
1332,24.9,9.725,75.48
1333,24.9,12.725,75.48
1334,24.9,21.025,75.48
1335,24.9,22.9,75.48
1336,24.9,28.525,75.48
1337,26.4,29.25,75.48
1338,30.9,29.25,75.48
1339,30.9,30.075,75.48
1340,26.4,30.075,75.48
1343,53.4,30.075,75.48
1344,48.9,30.075,75.48
1345,48.9,3.675,75.48
1346,53.4,3.675,75.48
1347,53.4,4.5,75.48
1348,48.9,4.5,75.48
1353,26.4,3.675,75.48
1354,30.9,3.675,75.48
1355,30.9,4.5,75.48
1356,26.4,4.5,75.48
1363,36.396243,3.2202338,78.74
1364,35.250387,3.4795658,78.74
1365,34.123328,3.8111918,78.74
1423,26.4,30.075,82.3
1424,30.9,30.075,82.3
1425,26.4,30.075,78.74
1426,30.9,30.075,78.74
1427,26.4,30.075,72.22
1428,30.9,30.075,72.22
1429,26.4,30.075,68.96
1430,30.9,30.075,68.96
1431,26.4,30.075,65.7
1432,30.9,30.075,65.7
1433,26.4,30.075,62.44
1434,30.9,30.075,62.44
1435,26.4,30.075,59.18
1436,30.9,30.075,59.18
1437,26.4,30.075,55.92
1438,30.9,30.075,55.92
1439,26.4,4.5,7.2
1440,57.714209,1.3133624,7.2
1441,61.995585,1.8770162,7.2
1442,66.211543,2.8116716,7.2
1443,70.329997,4.1102153,7.2
1444,48.9,29.25,7.2
1445,26.4,30.075,52.66
1446,30.9,30.075,52.66
1447,26.4,30.075,49.4
1448,30.9,30.075,49.4
1449,48.9,30.075,7.2
1450,48.9,32.625,7.2
1452,48.9,35.625,7.2
1462,26.4,30.075,46.14
1463,30.9,30.075,46.14
1464,26.4,30.075,42.88
1465,30.9,30.075,42.88
1466,26.4,30.075,39.62
1467,30.9,30.075,39.62
1468,26.4,30.075,36.36
1469,30.9,30.075,36.36
1470,26.4,30.075,33.1
1471,30.9,30.075,33.1
1472,26.4,30.075,29.84
1473,30.9,30.075,29.84
1474,26.4,30.075,26.58
1475,30.9,30.075,26.58
1476,26.4,30.075,23.32
1477,30.9,30.075,23.32
1478,26.4,30.075,20.06
1479,30.9,30.075,20.06
1480,48.9,30.075,82.3
1481,53.4,30.075,82.3
1482,48.9,30.075,78.74
1483,53.4,30.075,78.74
1484,48.9,30.075,72.22
1485,53.4,30.075,72.22
1486,48.9,30.075,68.96
1487,53.4,30.075,68.96
1488,48.9,30.075,65.7
1489,53.4,30.075,65.7
1490,48.9,30.075,62.44
1491,53.4,30.075,62.44
1492,48.9,30.075,59.18
1493,53.4,30.075,59.18
1494,48.9,30.075,55.92
1495,53.4,30.075,55.92
1496,48.9,30.075,52.66
1497,53.4,30.075,52.66
1498,48.9,30.075,49.4
1499,53.4,30.075,49.4
1500,48.9,30.075,46.14
1501,53.4,30.075,46.14
1502,48.9,30.075,42.88
1503,53.4,30.075,42.88
1504,48.9,30.075,39.62
1505,53.4,30.075,39.62
1506,48.9,30.075,36.36
1507,53.4,30.075,36.36
1508,48.9,30.075,33.1
1509,53.4,30.075,33.1
1510,48.9,30.075,29.84
1511,53.4,30.075,29.84
1512,48.9,30.075,26.58
1513,53.4,30.075,26.58
1514,48.9,30.075,23.32
1515,53.4,30.075,23.32
1516,48.9,30.075,20.06
1517,53.4,30.075,20.06
1518,33.019621,4.2137712,78.74
1519,48.9,29.25,82.3
1521,48.9,29.25,78.74
1522,31.943728,4.6856765,78.74
1523,48.9,29.25,72.22
1525,48.9,29.25,68.96
1527,48.9,29.25,65.7
1529,48.9,29.25,62.44
1531,48.9,29.25,59.18
1533,48.9,29.25,55.92
1535,48.9,29.25,52.66
1537,48.9,29.25,49.4
1539,48.9,29.25,46.14
1541,48.9,29.25,42.88
1542,38.275,15.975,7.2
1543,48.9,29.25,39.62
1544,36.075,15.975,7.2
1545,48.9,29.25,36.36
1547,48.9,29.25,33.1
1549,48.9,29.25,29.84
1550,38.275,15.975,11.4
1551,48.9,29.25,26.58
1552,36.075,15.975,11.4
1553,48.9,29.25,23.32
1555,48.9,29.25,20.06
1556,31.943728,29.064323,82.3
1558,33.019621,29.536229,82.3
1560,38.275,15.975,16.8
1561,36.075,15.975,16.8
1564,38.275,15.975,20.06
1565,36.075,15.975,20.06
1568,38.275,15.975,23.32
1569,36.075,15.975,23.32
1572,38.275,15.975,26.58
1573,36.075,15.975,26.58
1575,34.123328,29.938808,82.3
1577,35.250387,30.270434,82.3
1579,38.275,15.975,29.84
1580,36.075,15.975,29.84
1583,38.275,15.975,33.1
1584,36.075,15.975,33.1
1587,38.275,15.975,36.36
1588,36.075,15.975,36.36
1591,38.275,15.975,39.62
1592,36.075,15.975,39.62
1594,30.9,29.25,82.3
1595,30.9,29.25,78.74
1596,30.9,29.25,72.22
1597,30.9,29.25,68.96
1598,30.9,29.25,65.7
1599,30.9,29.25,62.44
1600,30.9,29.25,59.18
1601,30.9,29.25,55.92
1602,30.9,29.25,52.66
1603,30.9,29.25,49.4
1604,30.9,29.25,46.14
1605,30.9,29.25,42.88
1606,30.9,29.25,39.62
1607,30.9,29.25,36.36
1608,30.9,29.25,33.1
1609,30.9,29.25,29.84
1610,30.9,29.25,26.58
1611,30.9,29.25,23.32
1612,30.9,29.25,20.06
1613,24.9,22.9,82.3
1614,24.9,22.9,78.74
1615,24.9,22.9,72.22
1616,24.9,22.9,68.96
1617,24.9,22.9,65.7
1618,24.9,22.9,62.44
1619,24.9,22.9,59.18
1620,24.9,22.9,55.92
1621,24.9,22.9,52.66
1622,24.9,22.9,49.4
1623,24.9,22.9,46.14
1624,24.9,22.9,42.88
1625,24.9,22.9,39.62
1626,24.9,22.9,36.36
1627,24.9,22.9,33.1
1628,24.9,22.9,29.84
1629,24.9,22.9,26.58
1630,24.9,22.9,23.32
1631,24.9,22.9,20.06
1632,54.9,22.9,82.3
1633,54.9,22.9,78.74
1634,54.9,22.9,72.22
1635,54.9,22.9,68.96
1636,54.9,22.9,65.7
1637,54.9,22.9,62.44
1638,54.9,22.9,59.18
1639,54.9,22.9,55.92
1640,54.9,22.9,52.66
1641,54.9,22.9,49.4
1642,54.9,22.9,46.14
1643,54.9,22.9,42.88
1644,54.9,22.9,39.62
1645,54.9,22.9,36.36
1646,30.9,12.725,49.4
1647,54.9,22.9,33.1
1648,54.9,22.9,29.84
1649,54.9,22.9,26.58
1650,54.9,22.9,23.32
1651,54.9,22.9,20.06
1652,53.4,29.25,82.3
1653,53.4,29.25,78.74
1654,30.9,12.725,36.36
1655,53.4,29.25,72.22
1656,30.9,12.725,33.1
1657,53.4,29.25,68.96
1658,30.9,12.725,29.84
1659,53.4,29.25,65.7
1660,30.9,12.725,26.58
1661,53.4,29.25,62.44
1662,30.9,12.725,23.32
1663,53.4,29.25,59.18
1664,30.9,12.725,20.06
1665,53.4,29.25,55.92
1666,30.9,12.725,16.8
1667,53.4,29.25,52.66
1668,30.9,12.725,11.4
1669,53.4,29.25,49.4
1670,53.4,29.25,46.14
1671,53.4,29.25,42.88
1673,53.4,7.525,11.4
1675,53.4,29.25,39.62
1676,53.4,29.25,36.36
1677,53.4,29.25,33.1
1678,53.4,29.25,29.84
1679,53.4,29.25,26.58
1680,53.4,29.25,23.32
1681,53.4,29.25,20.06
1682,26.4,29.25,82.3
1683,26.4,29.25,78.74
1684,26.4,29.25,72.22
1685,26.4,29.25,68.96
1686,26.4,29.25,65.7
1687,26.4,29.25,62.44
1688,26.4,29.25,59.18
1689,26.4,29.25,55.92
1690,26.4,29.25,52.66
1691,26.4,29.25,49.4
1692,26.4,29.25,46.14
1693,26.4,29.25,42.88
1694,26.4,29.25,39.62
1695,26.4,29.25,36.36
1696,26.4,29.25,33.1
1697,26.4,29.25,29.84
1698,26.4,29.25,26.58
1699,26.4,29.25,23.32
1700,26.4,29.25,20.06
1701,24.9,9.725,82.3
1702,24.9,12.725,82.3
1703,24.9,9.725,78.74
1704,24.9,12.725,78.74
1705,24.9,9.725,72.22
1706,24.9,12.725,72.22
1707,24.9,9.725,68.96
1708,24.9,12.725,68.96
1709,24.9,9.725,65.7
1710,24.9,12.725,65.7
1711,24.9,9.725,62.44
1712,24.9,12.725,62.44
1713,24.9,9.725,59.18
1714,24.9,12.725,59.18
1715,24.9,9.725,55.92
1716,24.9,12.725,55.92
1717,24.9,9.725,52.66
1718,24.9,12.725,52.66
1719,24.9,9.725,49.4
1720,24.9,12.725,49.4
1721,24.9,9.725,46.14
1722,24.9,12.725,46.14
1723,24.9,9.725,42.88
1724,24.9,12.725,42.88
1725,24.9,9.725,39.62
1726,24.9,12.725,39.62
1729,24.9,9.725,36.36
1730,24.9,12.725,36.36
1731,24.9,9.725,33.1
1732,24.9,12.725,33.1
1733,24.9,9.725,29.84
1734,24.9,12.725,29.84
1735,24.9,9.725,26.58
1736,24.9,12.725,26.58
1737,24.9,9.725,23.32
1738,24.9,12.725,23.32
1739,24.9,9.725,20.06
1740,24.9,12.725,20.06
1741,24.9,5.225,82.3
1742,24.9,5.225,78.74
1743,24.9,5.225,72.22
1744,24.9,5.225,68.96
1745,24.9,5.225,65.7
1746,24.9,5.225,62.44
1747,24.9,5.225,59.18
1748,24.9,5.225,55.92
1749,24.9,5.225,52.66
1750,24.9,5.225,49.4
1751,24.9,5.225,46.14
1752,24.9,5.225,42.88
1753,24.9,5.225,39.62
1754,24.9,5.225,36.36
1755,24.9,5.225,33.1
1756,24.9,5.225,29.84
1757,24.9,5.225,26.58
1758,24.9,5.225,23.32
1759,24.9,5.225,20.06
1760,54.9,9.725,82.3
1761,54.9,12.725,82.3
1762,54.9,9.725,78.74
1763,54.9,12.725,78.74
1764,54.9,9.725,72.22
1765,54.9,12.725,72.22
1766,54.9,9.725,68.96
1767,54.9,12.725,68.96
1768,54.9,9.725,65.7
1769,54.9,12.725,65.7
1770,54.9,9.725,62.44
1771,54.9,12.725,62.44
1772,54.9,9.725,59.18
1773,54.9,12.725,59.18
1774,54.9,9.725,55.92
1775,54.9,12.725,55.92
1776,54.9,9.725,52.66
1777,54.9,12.725,52.66
1778,54.9,9.725,49.4
1779,54.9,12.725,49.4
1780,54.9,9.725,46.14
1783,54.9,12.725,46.14
1784,54.9,9.725,42.88
1785,54.9,12.725,42.88
1786,54.9,9.725,39.62
1787,54.9,12.725,39.62
1788,54.9,9.725,36.36
1789,54.9,12.725,36.36
1790,54.9,9.725,33.1
1791,54.9,12.725,33.1
1792,54.9,9.725,29.84
1793,54.9,12.725,29.84
1794,54.9,9.725,26.58
1795,54.9,12.725,26.58
1796,54.9,9.725,23.32
1797,54.9,12.725,23.32
1798,54.9,9.725,20.06
1799,54.9,12.725,20.06
1800,54.9,5.225,82.3
1801,54.9,5.225,78.74
1802,54.9,5.225,72.22
1803,54.9,5.225,68.96
1804,54.9,5.225,65.7
1805,54.9,5.225,62.44
1806,54.9,5.225,59.18
1807,54.9,5.225,55.92
1808,54.9,5.225,52.66
1809,54.9,5.225,49.4
1810,54.9,5.225,46.14
1811,54.9,5.225,42.88
1812,54.9,5.225,39.62
1813,54.9,5.225,36.36
1814,54.9,5.225,33.1
1815,54.9,5.225,29.84
1816,54.9,5.225,26.58
1817,54.9,5.225,23.32
1818,54.9,5.225,20.06
1819,53.4,3.675,82.3
1820,53.4,4.5,82.3
1821,53.4,3.675,78.74
1822,53.4,4.5,78.74
1823,53.4,3.675,72.22
1824,53.4,4.5,72.22
1825,53.4,3.675,68.96
1826,53.4,4.5,68.96
1827,53.4,3.675,65.7
1828,53.4,4.5,65.7
1829,53.4,3.675,62.44
1830,53.4,4.5,62.44
1831,53.4,3.675,59.18
1832,53.4,4.5,59.18
1833,53.4,3.675,55.92
1834,53.4,4.5,55.92
1837,53.4,3.675,52.66
1838,53.4,4.5,52.66
1839,53.4,3.675,49.4
1840,53.4,4.5,49.4
1841,53.4,3.675,46.14
1842,53.4,4.5,46.14
1843,53.4,3.675,42.88
1844,53.4,4.5,42.88
1845,53.4,3.675,39.62
1846,53.4,4.5,39.62
1847,53.4,3.675,36.36
1848,53.4,4.5,36.36
1849,53.4,3.675,33.1
1850,53.4,4.5,33.1
1851,53.4,3.675,29.84
1852,53.4,4.5,29.84
1853,53.4,3.675,26.58
1854,53.4,4.5,26.58
1855,53.4,3.675,23.32
1856,53.4,4.5,23.32
1857,53.4,3.675,20.06
1858,53.4,4.5,20.06
1859,48.9,4.5,82.3
1860,48.9,4.5,78.74
1861,48.9,4.5,72.22
1862,48.9,12.725,49.4
1863,48.9,4.5,68.96
1864,48.9,4.5,65.7
1865,48.9,4.5,62.44
1866,48.9,4.5,59.18
1867,48.9,4.5,55.92
1868,48.9,4.5,52.66
1869,48.9,4.5,49.4
1870,48.9,12.725,36.36
1871,48.9,4.5,46.14
1872,48.9,12.725,33.1
1873,48.9,4.5,42.88
1874,48.9,12.725,29.84
1875,48.9,4.5,39.62
1876,48.9,12.725,26.58
1877,48.9,4.5,36.36
1878,48.9,12.725,23.32
1879,48.9,4.5,33.1
1880,48.9,12.725,20.06
1881,48.9,4.5,29.84
1882,48.9,12.725,16.8
1883,48.9,4.5,26.58
1884,48.9,12.725,11.4
1885,48.9,4.5,23.32
1886,48.9,4.5,20.06
1887,48.9,3.675,82.3
1889,48.9,10.175,11.4
1891,48.9,3.675,78.74
1892,48.9,3.675,72.22
1893,48.9,3.675,68.96
1894,48.9,3.675,65.7
1895,48.9,3.675,62.44
1896,48.9,3.675,59.18
1897,48.9,3.675,55.92
1898,48.9,3.675,52.66
1899,48.9,3.675,49.4
1900,48.9,3.675,46.14
1901,48.9,3.675,42.88
1902,48.9,3.675,39.62
1903,48.9,3.675,36.36
1904,48.9,3.675,33.1
1905,48.9,3.675,29.84
1906,48.9,3.675,26.58
1907,48.9,3.675,23.32
1908,48.9,3.675,20.06
1909,30.9,4.5,82.3
1910,30.9,4.5,78.74
1911,30.9,4.5,72.22
1912,30.9,4.5,68.96
1913,30.9,4.5,65.7
1914,30.9,4.5,62.44
1915,30.9,4.5,59.18
1916,30.9,4.5,55.92
1918,30.9,4.5,52.66
1919,30.9,4.5,49.4
1920,30.9,4.5,46.14
1921,30.9,4.5,42.88
1922,30.9,4.5,39.62
1923,30.9,4.5,36.36
1924,30.9,4.5,33.1
1925,30.9,4.5,29.84
1926,30.9,4.5,26.58
1927,30.9,4.5,23.32
1928,30.9,4.5,20.06
1929,30.9,3.675,82.3
1930,30.9,3.675,78.74
1931,30.9,3.675,72.22
1932,30.9,3.675,68.96
1933,30.9,3.675,65.7
1934,30.9,3.675,62.44
1935,30.9,3.675,59.18
1936,30.9,3.675,55.92
1937,30.9,3.675,52.66
1938,30.9,3.675,49.4
1939,30.9,3.675,46.14
1940,30.9,3.675,42.88
1941,30.9,3.675,39.62
1942,30.9,3.675,36.36
1943,30.9,3.675,33.1
1945,30.9,3.675,29.84
1946,30.9,3.675,26.58
1947,30.9,3.675,23.32
1948,30.9,3.675,20.06
1949,26.4,4.5,82.3
1950,26.4,4.5,78.74
1951,26.4,4.5,72.22
1952,26.4,4.5,68.96
1953,26.4,4.5,65.7
1954,26.4,4.5,62.44
1955,26.4,4.5,59.18
1956,26.4,4.5,55.92
1957,26.4,4.5,52.66
1958,26.4,4.5,49.4
1959,26.4,4.5,46.14
1960,26.4,4.5,42.88
1961,26.4,4.5,39.62
1962,26.4,4.5,36.36
1963,26.4,4.5,33.1
1964,26.4,4.5,29.84
1965,26.4,4.5,26.58
1966,26.4,4.5,23.32
1967,26.4,4.5,20.06
1968,26.4,3.675,82.3
1969,26.4,3.675,78.74
1970,26.4,3.675,72.22
1972,26.4,3.675,68.96
1973,26.4,3.675,65.7
1974,26.4,3.675,62.44
1975,26.4,3.675,59.18
1976,26.4,3.675,55.92
1977,26.4,3.675,52.66
1978,26.4,3.675,49.4
1979,26.4,3.675,46.14
1980,26.4,3.675,42.88
1981,26.4,3.675,39.62
1982,26.4,3.675,36.36
1983,26.4,3.675,33.1
1984,26.4,3.675,29.84
1985,26.4,3.675,26.58
1986,26.4,3.675,23.32
1987,26.4,3.675,20.06
1991,38.275,15.975,42.88
1992,36.075,15.975,42.88
1995,38.275,15.975,46.14
1996,36.075,15.975,46.14
2000,38.275,15.975,49.4
2001,36.075,15.975,49.4
2004,38.275,15.975,52.66
2005,36.075,15.975,52.66
2010,38.275,15.975,55.92
2011,36.075,15.975,55.92
2014,38.275,15.975,59.18
2015,36.075,15.975,59.18
2018,38.275,15.975,62.44
2019,36.075,15.975,62.44
2022,38.275,15.975,65.7
2023,36.075,15.975,65.7
2027,38.275,15.975,68.96
2030,36.075,15.975,68.96
2033,38.275,15.975,72.22
2034,36.075,15.975,72.22
2037,38.275,15.975,75.48
2038,36.075,15.975,75.48
2041,38.275,15.975,78.74
2042,36.075,15.975,78.74
2045,38.275,15.975,82.3
2046,36.075,15.975,82.3
2067,63.209242,14.016411,16.8
2068,65.150385,6.7719675,16.8
2070,65.150385,6.7719675,11.4
2071,63.209242,14.016411,7.2
2072,65.150385,6.7719675,7.2
2077,59.981266,13.300786,16.8
2080,61.283627,5.914728,16.8
2081,60.371974,11.084969,7.2
2082,61.283627,5.914728,11.4
2083,59.981266,13.300786,7.2
2084,61.283627,5.914728,7.2
2089,56.703203,12.869221,16.8
2090,57.356871,5.3977607,16.8
2091,56.703203,12.869221,11.4
2092,57.356871,5.3977607,11.4
2093,56.703203,12.869221,7.2
2094,57.356871,5.3977607,7.2
2099,61.061044,22.033596,16.8
2100,61.061044,22.033596,11.4
2101,61.061044,22.033596,7.2
2104,59.119901,29.278039,16.8
2105,59.119901,29.278039,11.4
2107,59.119901,29.278039,7.2
2110,57.237625,28.860749,16.8
2111,58.539986,21.474691,16.8
2112,57.237625,28.860749,11.4
2113,58.539986,21.474691,11.4
2114,57.237625,28.860749,7.2
2115,58.539986,21.474691,7.2
2120,55.326142,28.609097,16.8
2121,55.97981,21.137637,16.8
2122,55.326142,28.609097,11.4
2123,55.97981,21.137637,11.4
2124,55.326142,28.609097,7.2
2125,55.97981,21.137637,7.2
2135,47.8,23.575,7.2
2136,46.15,26.05,11.4
2137,46.15,27.2875,7.2
2141,60.958645,29.857793,7.2
2142,60.958645,29.857793,16.8
2143,60.958645,29.857793,11.4
2144,63.523796,22.810098,7.2
2145,63.523796,22.810098,16.8
2146,63.523796,22.810098,11.4
2147,66.362563,15.01065,7.2
2148,66.362563,15.01065,16.8
2149,66.362563,15.01065,11.4
2150,68.927715,7.962955,7.2
2151,68.927715,7.962955,16.8
2152,68.927715,7.962955,11.4
2183,30.9,21.025,16.8
2184,30.9,21.025,11.4
2197,26.4,19.4,78.74
2199,26.4,14.4,78.74
2205,26.4,19.4,75.48
2211,26.4,14.4,75.48
2216,48.9,17.9375,7.2
2217,48.9,39.725,7.2
2219,48.9,42.725,7.2
2221,48.9,44.625,7.2
2225,48.9,50.625,7.2
2234,44.4,29.25,7.2
2235,46.15,27.2875,11.4
2236,44.4,30.075,7.2
2237,44.4,32.625,7.2
2239,44.4,35.625,7.2
2240,44.4,39.725,7.2
2241,44.4,42.725,7.2
2242,44.4,44.625,7.2
2243,44.4,50.625,7.2
2244,39.9,29.25,7.2
2245,39.9,30.075,7.2
2246,39.9,32.625,7.2
2248,39.9,35.625,7.2
2249,39.9,39.725,7.2
2250,39.9,42.725,7.2
2251,39.9,44.625,7.2
2252,39.9,50.625,7.2
2253,35.4,29.25,7.2
2254,35.4,30.075,7.2
2255,35.4,32.625,7.2
2257,35.4,35.625,7.2
2258,35.4,39.725,7.2
2259,35.4,42.725,7.2
2260,35.4,44.625,7.2
2261,35.4,50.625,7.2
2262,30.9,29.25,7.2
2263,30.9,30.075,7.2
2264,30.9,32.625,7.2
2265,48.9,7.7,11.4
2266,30.9,35.625,7.2
2267,30.9,39.725,7.2
2269,30.9,42.725,7.2
2270,30.9,44.625,7.2
2271,30.9,50.625,7.2
2272,26.4,29.25,7.2
2273,26.4,30.075,7.2
2274,26.4,32.625,7.2
2275,26.4,33.75,7.2
2276,26.4,35.625,7.2
2277,26.4,39.725,7.2
2278,26.4,42.725,7.2
2279,26.4,44.625,7.2
2280,26.4,50.625,7.2
2281,21.9,5.225,16.8
2282,21.9,9.725,16.8
2283,21.9,44.625,7.2
2284,24.9,44.625,7.2
2285,21.9,32.625,7.2
2286,24.9,32.625,7.2
2287,21.9,28.525,7.2
2288,24.9,28.525,7.2
2289,21.9,21.025,7.2
2290,24.9,21.025,7.2
2291,24.9,12.725,7.2
2292,21.9,12.725,7.2
2293,24.9,5.225,7.2
2294,21.9,5.225,7.2
2296,24.9,1.125,7.2
2297,21.9,1.125,7.2
2298,21.9,3.675,7.2
2299,21.9,4.5,7.2
2300,21.9,9.725,7.2
2301,21.9,22.9,7.2
2302,21.9,29.25,7.2
2303,21.9,30.075,7.2
2304,21.9,33.75,7.2
2305,21.9,35.625,7.2
2306,21.9,39.725,7.2
2307,21.9,42.725,7.2
2308,21.9,50.625,7.2
2314,24.9,35.625,7.2
2320,26.4,30.075,11.4
2321,26.4,32.625,11.4
2323,26.4,29.25,11.4
2324,30.9,29.25,11.4
2325,30.9,30.075,11.4
2326,30.9,32.625,11.4
2327,35.4,29.25,11.4
2328,35.4,30.075,11.4
2329,35.4,32.625,11.4
2330,21.9,12.725,16.8
2331,39.9,29.25,11.4
2332,39.9,30.075,11.4
2333,39.9,32.625,11.4
2334,44.4,29.25,11.4
2335,44.4,30.075,11.4
2336,44.4,32.625,11.4
2337,21.9,21.025,16.8
2338,48.9,29.25,11.4
2339,48.9,30.075,11.4
2340,48.9,32.625,11.4
2341,21.9,22.9,16.8
2342,53.4,29.25,11.4
2343,53.4,30.075,11.4
2344,53.4,32.625,11.4
2345,21.9,28.525,16.8
2346,54.968803,32.693495,11.4
2347,56.525667,32.89846,11.4
2348,58.058743,33.238335,11.4
2350,59.556363,33.710533,11.4
2351,53.4,1.125,11.4
2352,53.4,3.675,11.4
2353,53.4,4.5,11.4
2354,48.9,1.125,11.4
2355,48.9,3.675,11.4
2356,48.9,4.5,11.4
2357,44.4,1.125,11.4
2358,44.4,3.675,11.4
2359,44.4,4.5,11.4
2360,39.9,1.125,11.4
2361,39.9,3.675,11.4
2362,39.9,4.5,11.4
2363,35.4,1.125,11.4
2364,35.4,3.675,11.4
2365,35.4,4.5,11.4
2366,30.9,1.125,11.4
2367,30.9,3.675,11.4
2368,30.9,4.5,11.4
2369,26.4,3.675,11.4
2370,26.4,4.5,11.4
2371,26.4,1.125,11.4
2372,57.714209,1.3133624,11.4
2373,61.995585,1.8770162,11.4
2374,66.211543,2.8116716,11.4
2375,70.329997,4.1102153,11.4
2377,21.9,22.9,11.4
2378,21.9,28.525,11.4
2379,21.9,29.25,11.4
2380,21.9,30.075,11.4
2381,21.9,32.625,11.4
2382,24.9,5.225,16.8
2383,21.9,1.125,11.4
2384,21.9,3.675,11.4
2385,21.9,4.5,11.4
2386,21.9,5.225,11.4
2387,21.9,9.725,11.4
2388,21.9,12.725,11.4
2389,21.9,21.025,11.4
2390,24.9,1.125,11.4
2391,24.9,5.225,11.4
2392,24.9,12.725,11.4
2393,24.9,21.025,11.4
2394,24.9,28.525,11.4
2395,24.9,32.625,11.4
2399,48.9,21.025,16.8
2400,48.9,21.025,11.4
2406,24.9,12.725,16.8
2407,24.9,21.025,16.8
2408,24.9,28.525,16.8
2411,21.9,32.625,16.8
2412,24.9,32.625,16.8
2413,26.4,32.625,16.8
2414,30.9,32.625,16.8
2415,35.4,32.625,16.8
2416,39.9,32.625,16.8
2417,44.4,32.625,16.8
2418,48.9,32.625,16.8
2419,53.4,32.625,16.8
2420,21.9,29.25,16.8
2421,21.9,30.075,16.8
2422,26.4,29.25,16.8
2423,26.4,30.075,16.8
2424,30.9,29.25,16.8
2425,30.9,30.075,16.8
2426,35.4,29.25,16.8
2427,35.4,30.075,16.8
2428,39.9,29.25,16.8
2429,39.9,30.075,16.8
2431,44.4,29.25,16.8
2432,44.4,30.075,16.8
2433,48.9,29.25,16.8
2434,48.9,30.075,16.8
2435,36.396243,30.529766,82.3
2436,53.4,29.25,16.8
2437,53.4,30.075,16.8
2440,53.4,1.125,16.8
2441,53.4,3.675,16.8
2442,53.4,4.5,16.8
2443,21.9,1.125,16.8
2444,21.9,3.675,16.8
2445,21.9,4.5,16.8
2446,26.4,1.125,16.8
2447,26.4,3.675,16.8
2448,26.4,4.5,16.8
2449,30.9,1.125,16.8
2450,30.9,3.675,16.8
2451,30.9,4.5,16.8
2452,35.4,1.125,16.8
2453,35.4,3.675,16.8
2454,35.4,4.5,16.8
2455,39.9,1.125,16.8
2456,39.9,3.675,16.8
2457,39.9,4.5,16.8
2458,44.4,1.125,16.8
2459,44.4,3.675,16.8
2460,44.4,4.5,16.8
2461,48.9,1.125,16.8
2462,48.9,3.675,16.8
2463,48.9,4.5,16.8
2464,24.9,1.125,16.8
2467,58.058743,33.238335,16.8
2468,59.556363,33.710533,16.8
2469,56.525667,32.89846,16.8
2470,54.968803,32.693495,16.8
2471,57.714209,1.3133624,16.8
2472,61.995585,1.8770162,16.8
2473,66.211543,2.8116716,16.8
2474,70.329997,4.1102153,16.8
2475,37.556263,30.715756,82.3
2476,38.725758,30.827651,82.3
2477,41.074242,30.827651,82.3
2478,39.9,30.865,75.48
2479,42.243737,30.715756,82.3
2480,43.403757,30.529766,82.3
2481,44.549613,30.270434,82.3
2482,45.676672,29.938808,82.3
2485,39.9,30.865,72.22
2486,46.780379,29.536229,82.3
2487,47.856272,29.064323,82.3
2488,47.856272,4.6856765,82.3
2489,46.780379,4.2137712,82.3
2490,45.676672,3.8111918,82.3
2491,44.549613,3.4795658,82.3
2492,43.403757,3.2202338,82.3
2493,42.243737,3.0342442,82.3
2494,41.074242,2.9223488,82.3
2495,38.725758,2.9223488,82.3
2496,37.556263,3.0342442,82.3
2497,36.396243,3.2202338,82.3
2498,35.250387,3.4795658,82.3
2499,34.123328,3.8111918,82.3
2500,33.019621,4.2137712,82.3
2501,31.943728,4.6856765,82.3
2502,31.943728,29.064323,72.22
2503,39.9,30.865,78.74
2504,33.019621,29.536229,72.22
2505,34.123328,29.938808,72.22
2506,35.250387,30.270434,72.22
2507,36.396243,30.529766,72.22
2508,37.556263,30.715756,72.22
2509,38.725758,30.827651,72.22
2510,41.074242,30.827651,72.22
2512,42.243737,30.715756,72.22
2513,43.403757,30.529766,72.22
2514,44.549613,30.270434,72.22
2515,45.676672,29.938808,72.22
2516,46.780379,29.536229,72.22
2517,47.856272,29.064323,72.22
2542,48.9,16.2375,7.2
2560,48.9,17.9375,16.8
2571,56.899303,10.627783,11.4
2572,60.371974,11.084969,11.4
2573,63.791585,11.843078,11.4
2574,67.132109,12.896341,11.4
2575,67.132109,12.896341,16.8
2576,60.371974,11.084969,16.8
2586,48.9,8.9375,11.4
2596,30.9,10.225,72.22
2602,30.9,10.225,20.06
2605,48.9,16.2375,16.8
2608,30.9,10.225,68.96
2622,30.9,10.225,65.7
2624,30.9,23.525,20.06
2625,30.9,10.225,62.44
2627,53.4,23.575,16.8
2633,30.9,10.225,75.48
2644,48.9,23.525,75.48
2650,50.475,7.525,7.2
2654,35.4,17.775,82.3
2655,51.775,7.525,7.2
2660,33.37,12.725,82.3
2661,33.37,21.025,82.3
2662,48.9,23.525,11.4
2663,33.37,12.725,78.74
2665,33.37,21.025,78.74
2666,30.9,10.225,59.18
2668,30.9,10.225,55.92
2670,48.9,23.525,72.22
2672,33.37,12.725,75.48
2674,33.37,21.025,75.48
2675,29.55,12.725,16.8
2677,29.55,21.025,16.8
2678,33.37,12.725,72.22
2679,29.55,21.025,11.4
2681,48.9,23.525,20.06
2682,33.37,21.025,72.22
2683,53.4,23.575,11.4
2684,53.4,23.575,7.2
2685,30.9,10.225,52.66
2686,29.55,12.725,11.4
2688,29.55,12.725,7.2
2690,29.55,21.025,7.2
2692,50.475,7.525,11.4
2695,33.37,12.725,68.96
2696,51.775,7.525,11.4
2697,33.37,21.025,68.96
2699,33.37,12.725,65.7
2702,33.37,21.025,65.7
2708,33.37,12.725,62.44
2710,33.37,21.025,62.44
2711,33.37,12.725,59.18
2712,33.37,21.025,59.18
2713,33.37,12.725,55.92
2714,33.37,21.025,55.92
2715,33.37,12.725,52.66
2717,33.37,21.025,52.66
2719,33.37,12.725,49.4
2721,33.37,21.025,49.4
2723,33.37,12.725,46.14
2725,33.37,21.025,46.14
2726,33.37,12.725,42.88
2727,33.37,21.025,42.88
2728,33.37,12.725,39.62
2729,33.37,21.025,39.62
2732,33.37,12.725,36.36
2733,40.4729,16.8186,82.3
2735,33.37,21.025,36.36
2737,33.37,12.725,33.1
2739,33.37,21.025,33.1
2741,33.37,12.725,29.84
2743,33.37,21.025,29.84
2744,33.37,12.725,26.58
2745,33.37,21.025,26.58
2746,33.37,12.725,23.32
2747,33.37,21.025,23.32
2752,40.5026,16.8221,78.74
2754,48.9,10.175,16.8
2756,33.37,12.725,20.06
2757,33.37,21.025,20.06
2758,33.37,12.725,11.4
2759,33.37,21.025,11.4
2760,48.9,10.175,7.2
2761,33.37,12.725,16.8
2764,33.37,21.025,16.8
2766,40.5307,16.825,75.48
2768,33.37,12.725,7.2
2769,40.5562,16.8267,72.22
2772,33.37,21.025,7.2
2777,40.5818,16.8291,68.96
2779,27.975,12.725,11.4
2783,43.275,15.975,7.2
2784,46.43,12.725,82.3
2786,48.9,7.775,16.8
2787,41.575,15.975,7.2
2788,46.43,21.025,82.3
2790,53.4,7.775,16.8
2792,46.43,12.725,78.74
2793,48.9,7.775,7.2
2794,53.4,7.775,7.2
2796,46.43,21.025,78.74
2797,46.43,12.725,75.48
2798,46.43,21.025,75.48
2799,46.43,12.725,72.22
2802,46.43,21.025,72.22
2803,46.43,12.725,68.96
2804,46.43,21.025,68.96
2805,46.43,12.725,65.7
2806,46.43,21.025,65.7
2807,46.43,12.725,62.44
2808,46.43,21.025,62.44
2809,46.43,12.725,59.18
2810,46.43,21.025,59.18
2811,46.43,12.725,55.92
2812,46.43,21.025,55.92
2813,46.43,12.725,52.66
2814,43.275,15.975,11.4
2815,46.43,21.025,52.66
2816,46.43,12.725,49.4
2817,46.43,21.025,49.4
2818,46.43,12.725,46.14
2819,46.43,21.025,46.14
2820,46.43,12.725,42.88
2821,46.43,21.025,42.88
2822,46.43,12.725,39.62
2823,27.975,12.725,16.8
2825,46.43,21.025,39.62
2827,46.43,12.725,36.36
2828,46.43,21.025,36.36
2830,46.43,12.725,33.1
2831,46.43,21.025,33.1
2833,46.43,12.725,29.84
2834,46.43,21.025,29.84
2836,46.43,12.725,26.58
2841,46.43,21.025,26.58
2842,41.575,15.975,11.4
2843,46.43,12.725,23.32
2845,46.43,21.025,23.32
2850,43.275,15.975,16.8
2852,46.43,12.725,20.06
2853,46.43,21.025,20.06
2854,41.575,15.975,16.8
2855,46.43,12.725,11.4
2856,48.9,24.775,11.4
2857,46.43,21.025,11.4
2858,46.43,12.725,16.8
2859,46.43,21.025,16.8
2861,46.43,12.725,7.2
2863,46.43,21.025,7.2
2868,43.275,15.975,20.06
2872,35.4,17.775,78.74
2880,41.575,15.975,20.06
2881,35.4,17.775,75.48
2885,35.4,17.775,72.22
2889,35.4,17.775,68.96
2891,35.4,17.775,65.7
2893,35.4,17.775,62.44
2895,43.275,15.975,23.32
2896,35.4,17.775,59.18
2897,41.575,15.975,23.32
2898,30.9,10.225,49.4
2899,46.15,28.525,11.4
2901,35.4,17.775,55.92
2903,39.9,17.775,82.3
2904,39.9,17.775,78.74
2905,35.4,17.775,52.66
2906,39.9,17.775,75.48
2907,39.9,17.775,72.22
2909,35.4,17.775,49.4
2911,35.4,17.775,46.14
2913,35.4,17.775,42.88
2917,35.4,17.775,39.62
2918,43.275,15.975,26.58
2920,41.575,15.975,26.58
2921,35.4,17.775,36.36
2924,35.4,17.775,33.1
2926,35.4,17.775,29.84
2929,43.275,15.975,29.84
2930,35.4,17.775,26.58
2931,41.575,15.975,29.84
2934,35.4,17.775,23.32
2935,44.4,17.775,82.3
2936,30.9,10.225,11.4
2938,44.4,17.775,78.74
2940,44.4,17.775,75.48
2941,30.9,10.225,7.2
2942,44.4,17.775,72.22
2943,43.275,15.975,33.1
2944,44.4,17.775,68.96
2946,44.4,17.775,65.7
2947,41.575,15.975,33.1
2948,44.4,17.775,62.44
2952,44.4,17.775,59.18
2956,44.4,17.775,55.92
2957,27.975,12.725,7.2
2959,44.4,17.775,52.66
2961,44.4,17.775,49.4
2962,40.6084,16.8319,65.7
2963,44.4,17.775,46.14
2965,40.6376,16.835,62.44
2966,44.4,17.775,42.88
2968,40.6703,16.8383,59.18
2970,44.4,17.775,39.62
2971,43.275,15.975,82.3
2972,40.7074,16.8418,55.92
2973,40.7495,16.8457,52.66
2974,44.4,17.775,36.36
2975,40.7979,16.8499,49.4
2976,40.8537,16.8546,46.14
2977,44.4,17.775,33.1
2978,40.9192,16.8597,42.88
2979,44.4,17.775,29.84
2980,40.9958,16.8653,39.62
2981,44.4,17.775,26.58
2982,41.575,15.975,82.3
2983,41.0858,16.8721,36.36
2985,30.9,10.225,46.14
2986,44.4,17.775,23.32
2987,41.1921,16.8803,33.1
2988,41.317,16.8908,29.84
2989,41.4626,16.9053,26.58
2990,41.6221,16.9273,23.32
2991,41.7733,16.9644,20.06
2994,41.885,17.0371,16.8
2995,41.69,17.2433,11.4
3000,41.2034,17.6015,7.2
3003,35.4,17.775,20.06
3005,44.4,17.775,20.06
3011,35.4,17.775,11.4
3013,35.4,17.775,16.8
3015,35.4,17.775,7.2
3018,44.4,17.775,11.4
3022,44.4,17.775,16.8
3024,48.9,17.775,16.8
3026,44.4,17.775,7.2
3040,48.9,7.525,7.2
3041,48.9,7.525,11.4
3046,46.15,28.525,7.2
3047,43.275,15.975,78.74
3048,41.575,15.975,78.74
3052,39.9,17.775,68.96
3053,39.9,17.775,65.7
3061,43.275,15.975,75.48
3064,41.575,15.975,75.48
3067,48.9,17.9375,11.4
3068,48.9,16.2375,11.4
3069,39.9,17.775,62.44
3081,35.4,15.975,82.3
3083,35.4,15.975,78.74
3085,35.4,15.975,75.48
3087,35.4,15.975,72.22
3089,35.4,15.975,68.96
3091,35.4,15.975,65.7
3093,35.4,15.975,62.44
3095,35.4,15.975,59.18
3097,35.4,15.975,55.92
3098,39.9,17.775,59.18
3099,35.4,15.975,52.66
3100,39.9,17.775,55.92
3101,35.4,15.975,49.4
3102,39.9,17.775,52.66
3103,35.4,15.975,46.14
3104,39.9,17.775,49.4
3105,35.4,15.975,42.88
3106,39.9,17.775,46.14
3107,35.4,15.975,39.62
3108,39.9,17.775,42.88
3109,35.4,15.975,36.36
3110,39.9,17.775,39.62
3111,35.4,15.975,33.1
3112,39.9,17.775,36.36
3113,35.4,15.975,29.84
3114,39.9,17.775,33.1
3115,35.4,15.975,26.58
3116,39.9,17.775,29.84
3117,35.4,15.975,23.32
3118,44.4,15.975,82.3
3119,39.9,17.775,26.58
3120,44.4,15.975,78.74
3121,39.9,17.775,23.32
3122,44.4,15.975,75.48
3123,39.9,17.775,20.06
3124,44.4,15.975,72.22
3125,39.9,17.775,16.8
3126,44.4,15.975,68.96
3127,39.9,17.775,11.4
3128,44.4,15.975,65.7
3129,39.9,17.775,7.2
3130,44.4,15.975,62.44
3132,44.4,15.975,59.18
3134,44.4,15.975,55.92
3136,44.4,15.975,52.66
3138,44.4,15.975,49.4
3140,44.4,15.975,46.14
3142,44.4,15.975,42.88
3144,44.4,15.975,39.62
3146,44.4,15.975,36.36
3148,44.4,15.975,33.1
3150,44.4,15.975,29.84
3152,44.4,15.975,26.58
3154,44.4,15.975,23.32
3165,35.4,15.975,20.06
3166,44.4,15.975,20.06
3169,35.4,15.975,11.4
3171,35.4,15.975,16.8
3173,35.4,15.975,7.2
3174,44.4,15.975,11.4
3176,44.4,15.975,16.8
3178,44.4,15.975,7.2
3241,46.325,15.975,72.22
3242,46.325,15.975,75.48
3245,46.325,15.975,82.3
3246,46.325,15.975,78.74
3329,43.275,15.975,72.22
3332,30.9,10.225,16.8
3336,41.575,15.975,72.22
3339,48.9,23.525,16.8
3341,30.9,10.225,42.88
3346,43.275,15.975,68.96
3347,30.9,10.225,39.62
3348,41.575,15.975,68.96
3351,30.9,10.225,36.36
3352,35.9,12.725,82.3
3353,43.275,15.975,65.7
3354,41.575,15.975,65.7
3355,30.9,10.225,33.1
3358,30.9,10.225,29.84
3359,46.325,15.975,68.96
3360,46.325,15.975,65.7
3361,46.325,15.975,62.44
3362,46.325,15.975,59.18
3363,46.325,15.975,55.92
3364,46.325,15.975,52.66
3365,46.325,15.975,49.4
3366,46.325,15.975,46.14
3367,46.325,15.975,42.88
3368,46.325,15.975,39.62
3369,46.325,15.975,36.36
3370,46.325,15.975,33.1
3371,46.325,15.975,29.84
3372,46.325,15.975,26.58
3373,46.325,15.975,23.32
3374,46.325,15.975,20.06
3375,46.325,15.975,16.8
3376,46.325,15.975,11.4
3377,46.325,15.975,7.2
3381,33.475,15.975,72.22
3382,33.475,15.975,75.48
3385,33.475,15.975,82.3
3386,33.475,15.975,78.74
3387,33.475,15.975,68.96
3388,33.475,15.975,65.7
3389,33.475,15.975,62.44
3390,33.475,15.975,59.18
3391,33.475,15.975,55.92
3392,33.475,15.975,52.66
3393,33.475,15.975,49.4
3394,33.475,15.975,46.14
3395,33.475,15.975,42.88
3396,33.475,15.975,39.62
3397,33.475,15.975,36.36
3398,33.475,15.975,33.1
3399,33.475,15.975,29.84
3400,33.475,15.975,26.58
3401,33.475,15.975,23.32
3402,33.475,15.975,20.06
3403,33.475,15.975,16.8
3404,33.475,15.975,11.4
3405,33.475,15.975,7.2
3410,30.9,10.225,23.32
3411,43.275,15.975,62.44
3412,41.575,15.975,62.44
3415,43.275,15.975,59.18
3416,41.575,15.975,59.18
3419,43.275,15.975,55.92
3420,41.575,15.975,55.92
3423,43.275,15.975,52.66
3424,41.575,15.975,52.66
3429,43.275,15.975,49.4
3431,41.575,15.975,49.4
3437,43.275,15.975,46.14
3439,41.575,15.975,46.14
3445,43.275,15.975,39.62
3447,41.575,15.975,39.62
3453,43.275,15.975,42.88
3454,41.575,15.975,42.88
3457,43.275,15.975,36.36
3458,41.575,15.975,36.36
3459,35.9,12.725,78.74
3461,35.9,12.725,75.48
3463,35.9,12.725,72.22
3467,35.9,12.725,68.96
3469,35.9,12.725,65.7
3470,30.9,23.525,68.96
3472,30.9,23.525,65.7
3473,35.9,12.725,62.44
3474,30.9,23.525,62.44
3476,30.9,23.525,59.18
3477,35.9,12.725,59.18
3478,30.9,23.525,55.92
3480,30.9,23.525,52.66
3482,30.9,23.525,49.4
3484,30.9,23.525,46.14
3486,30.9,23.525,42.88
3488,30.9,23.525,39.62
3490,30.9,23.525,36.36
3492,30.9,23.525,33.1
3494,30.9,23.525,29.84
3496,30.9,23.525,23.32
3512,48.9,23.525,68.96
3514,48.9,23.525,65.7
3516,48.9,23.525,62.44
3518,48.9,23.525,59.18
3520,48.9,23.525,55.92
3522,48.9,23.525,52.66
3524,48.9,23.525,49.4
3526,48.9,23.525,46.14
3528,48.9,23.525,42.88
3530,48.9,23.525,39.62
3532,48.9,23.525,36.36
3534,48.9,23.525,33.1
3536,48.9,23.525,29.84
3538,48.9,23.525,23.32
3553,30.9,10.225,26.58
3555,30.9,23.525,26.58
3556,48.9,23.525,26.58
5052,53.4,16.225,11.4
5053,53.4,17.725,11.4
5056,53.4,16.225,16.8
5057,53.4,17.725,16.8
5078,51.775,7.525,16.8
5079,50.475,7.525,16.8
5081,48.9,7.525,16.8
5105,46.43,15.975,7.2
5106,46.43,17.575,7.2
5109,46.43,15.975,11.4
5110,46.43,17.575,11.4
5113,46.43,15.975,16.8
5114,46.43,17.575,16.8
5117,46.43,15.975,20.06
5118,46.43,17.575,20.06
5121,46.43,15.975,23.32
5122,46.43,17.575,23.32
5125,46.43,15.975,26.58
5126,46.43,17.575,26.58
5129,46.43,15.975,29.84
5130,46.43,17.575,29.84
5133,46.43,15.975,33.1
5134,46.43,17.575,33.1
5137,46.43,15.975,36.36
5138,46.43,17.575,36.36
5141,46.43,15.975,39.62
5142,46.43,17.575,39.62
5145,46.43,15.975,42.88
5146,46.43,17.575,42.88
5149,46.43,15.975,46.14
5150,46.43,17.575,46.14
5153,46.43,15.975,49.4
5154,46.43,17.575,49.4
5157,46.43,15.975,52.66
5159,53.4,19.4,82.3
5160,53.4,14.4,82.3
5165,53.4,17.725,20.06
5166,53.4,16.225,20.06
5170,53.4,19.4,7.2
5171,53.4,19.4,11.4
5172,53.4,17.725,7.2
5173,53.4,16.225,7.2
5174,53.4,14.4,7.2
5175,53.4,14.4,11.4
5176,53.4,19.4,72.22
5177,53.4,17.725,72.22
5178,53.4,17.725,75.48
5179,53.4,16.225,72.22
5180,53.4,16.225,75.48
5181,53.4,14.4,72.22
5182,53.4,19.4,68.96
5183,53.4,17.725,68.96
5184,53.4,16.225,68.96
5185,53.4,14.4,68.96
5186,53.4,19.4,65.7
5187,53.4,17.725,65.7
5188,53.4,16.225,65.7
5189,53.4,14.4,65.7
5190,53.4,19.4,62.44
5191,53.4,17.725,62.44
5192,53.4,16.225,62.44
5193,53.4,14.4,62.44
5194,53.4,19.4,59.18
5195,53.4,17.725,59.18
5196,53.4,16.225,59.18
5197,53.4,14.4,59.18
5198,53.4,19.4,55.92
5199,53.4,17.725,55.92
5200,53.4,16.225,55.92
5201,53.4,14.4,55.92
5202,53.4,19.4,52.66
5203,53.4,17.725,52.66
5204,53.4,16.225,52.66
5205,53.4,14.4,52.66
5206,53.4,19.4,49.4
5207,53.4,17.725,49.4
5208,53.4,16.225,49.4
5209,53.4,14.4,49.4
5210,53.4,19.4,46.14
5211,53.4,17.725,46.14
5212,53.4,16.225,46.14
5213,53.4,14.4,46.14
5214,53.4,19.4,42.88
5215,53.4,17.725,42.88
5216,53.4,16.225,42.88
5217,53.4,14.4,42.88
5218,53.4,19.4,39.62
5219,53.4,17.725,39.62
5220,53.4,16.225,39.62
5221,53.4,14.4,39.62
5222,53.4,19.4,36.36
5223,53.4,17.725,36.36
5224,53.4,16.225,36.36
5225,53.4,14.4,36.36
5226,53.4,19.4,33.1
5227,53.4,17.725,33.1
5228,53.4,16.225,33.1
5229,53.4,14.4,33.1
5230,53.4,19.4,29.84
5231,53.4,17.725,29.84
5232,53.4,16.225,29.84
5233,53.4,14.4,29.84
5234,53.4,19.4,26.58
5235,53.4,17.725,26.58
5236,53.4,16.225,26.58
5237,53.4,14.4,26.58
5238,53.4,19.4,23.32
5239,53.4,17.725,23.32
5240,53.4,16.225,23.32
5241,53.4,14.4,23.32
5242,53.4,19.4,20.06
5243,53.4,14.4,20.06
5256,53.4,19.4,16.8
5258,53.4,14.4,16.8
5276,33.37,15.975,7.2
5277,33.37,17.575,7.2
5280,33.37,15.975,11.4
5281,33.37,17.575,11.4
5284,33.37,15.975,16.8
5285,33.37,17.575,16.8
5288,33.37,15.975,20.06
5289,33.37,17.575,20.06
5292,33.37,15.975,23.32
5293,33.37,17.575,23.32
5296,33.37,15.975,26.58
5297,33.37,17.575,26.58
5300,33.37,15.975,29.84
5301,33.37,17.575,29.84
5304,33.37,15.975,33.1
5305,33.37,17.575,33.1
5308,33.37,15.975,36.36
5309,33.37,17.575,36.36
5312,33.37,15.975,39.62
5313,33.37,17.575,39.62
5316,33.37,15.975,42.88
5317,33.37,17.575,42.88
5320,33.37,15.975,46.14
5321,33.37,17.575,46.14
5324,33.37,15.975,49.4
5325,33.37,17.575,49.4
5328,33.37,15.975,52.66
5329,33.37,17.575,52.66
5332,33.37,15.975,55.92
5333,33.37,17.575,55.92
5336,33.37,15.975,59.18
5337,33.37,17.575,59.18
5340,33.37,15.975,62.44
5341,33.37,17.575,62.44
5344,33.37,15.975,65.7
5345,33.37,17.575,65.7
5348,33.37,15.975,68.96
5349,33.37,17.575,68.96
5352,33.37,15.975,72.22
5353,33.37,17.575,72.22
5356,33.37,15.975,75.48
5357,33.37,17.575,75.48
5360,33.37,15.975,78.74
5361,33.37,17.575,78.74
5364,33.37,15.975,82.3
5365,33.37,17.575,82.3
5370,46.43,17.575,52.66
5373,46.43,15.975,55.92
5374,46.43,17.575,55.92
5377,46.43,15.975,59.18
5378,46.43,17.575,59.18
5381,46.43,15.975,62.44
5382,46.43,17.575,62.44
5385,46.43,15.975,65.7
5386,46.43,17.575,65.7
5389,46.43,15.975,68.96
5390,46.43,17.575,68.96
5393,46.43,15.975,72.22
5394,46.43,17.575,72.22
5397,46.43,15.975,75.48
5398,46.43,17.575,75.48
5401,46.43,15.975,78.74
5402,46.43,17.575,78.74
5405,46.43,15.975,82.3
5406,46.43,17.575,82.3
5409,33.8775,21.025,72.22
5416,33.8775,21.025,75.48
5417,34.385,21.025,72.22
5421,34.385,21.025,75.48
5422,34.8925,21.025,72.22
5426,34.8925,21.025,75.48
5451,33.8775,21.025,82.3
5458,34.385,21.025,82.3
5462,34.8925,21.025,82.3
5469,33.8775,21.025,78.74
5476,34.385,21.025,78.74
5480,34.8925,21.025,78.74
5502,33.8775,21.025,68.96
5509,34.385,21.025,68.96
5513,34.8925,21.025,68.96
5520,33.8775,21.025,65.7
5527,34.385,21.025,65.7
5531,34.8925,21.025,65.7
5538,33.8775,21.025,62.44
5545,34.385,21.025,62.44
5549,34.8925,21.025,62.44
5556,33.8775,21.025,59.18
5563,34.385,21.025,59.18
5567,34.8925,21.025,59.18
5574,33.8775,21.025,55.92
5581,34.385,21.025,55.92
5585,34.8925,21.025,55.92
5592,33.8775,21.025,52.66
5599,34.385,21.025,52.66
5603,34.8925,21.025,52.66
5610,33.8775,21.025,49.4
5617,34.385,21.025,49.4
5621,34.8925,21.025,49.4
5628,33.8775,21.025,46.14
5635,34.385,21.025,46.14
5639,34.8925,21.025,46.14
5646,33.8775,21.025,42.88
5653,34.385,21.025,42.88
5657,34.8925,21.025,42.88
5664,33.8775,21.025,39.62
5671,34.385,21.025,39.62
5675,34.8925,21.025,39.62
5682,33.8775,21.025,36.36
5689,34.385,21.025,36.36
5693,34.8925,21.025,36.36
5700,33.8775,21.025,33.1
5707,34.385,21.025,33.1
5711,34.8925,21.025,33.1
5718,33.8775,21.025,29.84
5725,34.385,21.025,29.84
5729,34.8925,21.025,29.84
5736,33.8775,21.025,26.58
5743,34.385,21.025,26.58
5747,34.8925,21.025,26.58
5754,33.8775,21.025,23.32
5761,34.385,21.025,23.32
5765,34.8925,21.025,23.32
5772,33.8775,21.025,20.06
5779,34.385,21.025,20.06
5783,34.8925,21.025,20.06
5790,33.8775,21.025,16.8
5797,34.385,21.025,16.8
5801,34.8925,21.025,16.8
5808,33.8775,21.025,11.4
5815,34.385,21.025,11.4
5819,34.8925,21.025,11.4
5826,33.8775,21.025,7.2
5833,34.385,21.025,7.2
5837,34.8925,21.025,7.2
5898,33.8775,12.725,72.22
5905,33.8775,12.725,75.48
5906,34.385,12.725,72.22
5910,34.385,12.725,75.48
5911,34.8925,12.725,72.22
5915,34.8925,12.725,75.48
5940,33.8775,12.725,82.3
5947,34.385,12.725,82.3
5951,34.8925,12.725,82.3
5958,33.8775,12.725,78.74
5965,34.385,12.725,78.74
5969,34.8925,12.725,78.74
5991,33.8775,12.725,68.96
5998,34.385,12.725,68.96
6002,34.8925,12.725,68.96
6009,33.8775,12.725,65.7
6016,34.385,12.725,65.7
6020,34.8925,12.725,65.7
6027,33.8775,12.725,62.44
6034,34.385,12.725,62.44
6038,34.8925,12.725,62.44
6045,33.8775,12.725,59.18
6052,34.385,12.725,59.18
6056,34.8925,12.725,59.18
6063,33.8775,12.725,55.92
6070,34.385,12.725,55.92
6074,34.8925,12.725,55.92
6081,33.8775,12.725,52.66
6088,34.385,12.725,52.66
6092,34.8925,12.725,52.66
6099,33.8775,12.725,49.4
6106,34.385,12.725,49.4
6110,34.8925,12.725,49.4
6117,33.8775,12.725,46.14
6124,34.385,12.725,46.14
6128,34.8925,12.725,46.14
6135,33.8775,12.725,42.88
6142,34.385,12.725,42.88
6146,34.8925,12.725,42.88
6153,33.8775,12.725,39.62
6160,34.385,12.725,39.62
6164,34.8925,12.725,39.62
6171,33.8775,12.725,36.36
6178,34.385,12.725,36.36
6182,34.8925,12.725,36.36
6189,33.8775,12.725,33.1
6196,34.385,12.725,33.1
6200,34.8925,12.725,33.1
6207,33.8775,12.725,29.84
6214,34.385,12.725,29.84
6218,34.8925,12.725,29.84
6225,33.8775,12.725,26.58
6232,34.385,12.725,26.58
6236,34.8925,12.725,26.58
6243,33.8775,12.725,23.32
6250,34.385,12.725,23.32
6254,34.8925,12.725,23.32
6261,33.8775,12.725,20.06
6268,34.385,12.725,20.06
6272,34.8925,12.725,20.06
6279,33.8775,12.725,16.8
6286,34.385,12.725,16.8
6290,34.8925,12.725,16.8
6297,33.8775,12.725,11.4
6304,34.385,12.725,11.4
6308,34.8925,12.725,11.4
6315,33.8775,12.725,7.2
6322,34.385,12.725,7.2
6326,34.8925,12.725,7.2
6387,45.9225,21.025,72.22
6394,45.9225,21.025,75.48
6395,45.415,21.025,72.22
6399,45.415,21.025,75.48
6400,44.9075,21.025,72.22
6404,44.9075,21.025,75.48
6429,45.9225,21.025,82.3
6436,45.415,21.025,82.3
6440,44.9075,21.025,82.3
6447,45.9225,21.025,78.74
6454,45.415,21.025,78.74
6458,44.9075,21.025,78.74
6480,45.9225,21.025,68.96
6487,45.415,21.025,68.96
6491,44.9075,21.025,68.96
6498,45.9225,21.025,65.7
6505,45.415,21.025,65.7
6509,44.9075,21.025,65.7
6516,45.9225,21.025,62.44
6523,45.415,21.025,62.44
6527,44.9075,21.025,62.44
6534,45.9225,21.025,59.18
6541,45.415,21.025,59.18
6545,44.9075,21.025,59.18
6552,45.9225,21.025,55.92
6559,45.415,21.025,55.92
6563,44.9075,21.025,55.92
6570,45.9225,21.025,52.66
6577,45.415,21.025,52.66
6581,44.9075,21.025,52.66
6588,45.9225,21.025,49.4
6595,45.415,21.025,49.4
6599,44.9075,21.025,49.4
6606,45.9225,21.025,46.14
6613,45.415,21.025,46.14
6617,44.9075,21.025,46.14
6624,45.9225,21.025,42.88
6631,45.415,21.025,42.88
6635,44.9075,21.025,42.88
6642,45.9225,21.025,39.62
6649,45.415,21.025,39.62
6653,44.9075,21.025,39.62
6660,45.9225,21.025,36.36
6667,45.415,21.025,36.36
6671,44.9075,21.025,36.36
6678,45.9225,21.025,33.1
6685,45.415,21.025,33.1
6689,44.9075,21.025,33.1
6696,45.9225,21.025,29.84
6703,45.415,21.025,29.84
6707,44.9075,21.025,29.84
6714,45.9225,21.025,26.58
6721,45.415,21.025,26.58
6725,44.9075,21.025,26.58
6732,45.9225,21.025,23.32
6739,45.415,21.025,23.32
6743,44.9075,21.025,23.32
6750,45.9225,21.025,20.06
6757,45.415,21.025,20.06
6761,44.9075,21.025,20.06
6768,45.9225,21.025,16.8
6775,45.415,21.025,16.8
6779,44.9075,21.025,16.8
6786,45.9225,21.025,11.4
6793,45.415,21.025,11.4
6797,44.9075,21.025,11.4
6804,45.9225,21.025,7.2
6811,45.415,21.025,7.2
6815,44.9075,21.025,7.2
6876,45.9225,12.725,72.22
6883,45.9225,12.725,75.48
6884,45.415,12.725,72.22
6888,45.415,12.725,75.48
6889,44.9075,12.725,72.22
6893,44.9075,12.725,75.48
6918,45.9225,12.725,82.3
6925,45.415,12.725,82.3
6929,44.9075,12.725,82.3
6936,45.9225,12.725,78.74
6943,45.415,12.725,78.74
6947,44.9075,12.725,78.74
6969,45.9225,12.725,68.96
6976,45.415,12.725,68.96
6980,44.9075,12.725,68.96
6987,45.9225,12.725,65.7
6994,45.415,12.725,65.7
6998,44.9075,12.725,65.7
7005,45.9225,12.725,62.44
7012,45.415,12.725,62.44
7016,44.9075,12.725,62.44
7023,45.9225,12.725,59.18
7030,45.415,12.725,59.18
7034,44.9075,12.725,59.18
7041,45.9225,12.725,55.92
7048,45.415,12.725,55.92
7052,44.9075,12.725,55.92
7059,45.9225,12.725,52.66
7066,45.415,12.725,52.66
7070,44.9075,12.725,52.66
7077,45.9225,12.725,49.4
7084,45.415,12.725,49.4
7088,44.9075,12.725,49.4
7095,45.9225,12.725,46.14
7102,45.415,12.725,46.14
7106,44.9075,12.725,46.14
7113,45.9225,12.725,42.88
7120,45.415,12.725,42.88
7124,44.9075,12.725,42.88
7131,45.9225,12.725,39.62
7138,45.415,12.725,39.62
7142,44.9075,12.725,39.62
7149,45.9225,12.725,36.36
7156,45.415,12.725,36.36
7160,44.9075,12.725,36.36
7167,45.9225,12.725,33.1
7174,45.415,12.725,33.1
7178,44.9075,12.725,33.1
7185,45.9225,12.725,29.84
7192,45.415,12.725,29.84
7196,44.9075,12.725,29.84
7203,45.9225,12.725,26.58
7210,45.415,12.725,26.58
7214,44.9075,12.725,26.58
7221,45.9225,12.725,23.32
7228,45.415,12.725,23.32
7232,44.9075,12.725,23.32
7239,45.9225,12.725,20.06
7246,45.415,12.725,20.06
7250,44.9075,12.725,20.06
7257,45.9225,12.725,16.8
7264,45.415,12.725,16.8
7268,44.9075,12.725,16.8
7275,45.9225,12.725,11.4
7282,45.415,12.725,11.4
7286,44.9075,12.725,11.4
7293,45.9225,12.725,7.2
7300,45.415,12.725,7.2
7304,44.9075,12.725,7.2
7365,41.025,21.025,72.22
7372,41.025,21.025,75.48
7373,42.15,21.025,72.22
7377,42.15,21.025,75.48
7378,43.275,21.025,72.22
7382,43.275,21.025,75.48
7401,41.025,21.025,82.3
7408,42.15,21.025,82.3
7412,43.275,21.025,82.3
7416,41.025,21.025,78.74
7423,42.15,21.025,78.74
7427,43.275,21.025,78.74
7443,41.025,21.025,68.96
7450,42.15,21.025,68.96
7454,43.275,21.025,68.96
7458,41.025,21.025,65.7
7465,42.15,21.025,65.7
7469,43.275,21.025,65.7
7473,41.025,21.025,62.44
7480,42.15,21.025,62.44
7484,43.275,21.025,62.44
7488,41.025,21.025,59.18
7495,42.15,21.025,59.18
7499,43.275,21.025,59.18
7503,41.025,21.025,55.92
7510,42.15,21.025,55.92
7514,43.275,21.025,55.92
7518,41.025,21.025,52.66
7525,42.15,21.025,52.66
7529,43.275,21.025,52.66
7533,41.025,21.025,49.4
7540,42.15,21.025,49.4
7544,43.275,21.025,49.4
7548,41.025,21.025,46.14
7555,42.15,21.025,46.14
7559,43.275,21.025,46.14
7563,41.025,21.025,42.88
7570,42.15,21.025,42.88
7574,43.275,21.025,42.88
7578,41.025,21.025,39.62
7585,42.15,21.025,39.62
7589,43.275,21.025,39.62
7593,41.025,21.025,36.36
7600,42.15,21.025,36.36
7604,43.275,21.025,36.36
7608,41.025,21.025,33.1
7615,42.15,21.025,33.1
7619,43.275,21.025,33.1
7623,41.025,21.025,29.84
7630,42.15,21.025,29.84
7634,43.275,21.025,29.84
7638,41.025,21.025,26.58
7645,42.15,21.025,26.58
7649,43.275,21.025,26.58
7653,41.025,21.025,23.32
7660,42.15,21.025,23.32
7664,43.275,21.025,23.32
7668,41.025,21.025,20.06
7675,42.15,21.025,20.06
7679,43.275,21.025,20.06
7683,41.025,21.025,16.8
7690,42.15,21.025,16.8
7694,43.275,21.025,16.8
7698,41.025,21.025,11.4
7705,42.15,21.025,11.4
7709,43.275,21.025,11.4
7713,41.025,21.025,7.2
7720,42.15,21.025,7.2
7724,43.275,21.025,7.2
7773,41.025,12.725,72.22
7780,41.025,12.725,75.48
7781,42.15,12.725,72.22
7785,42.15,12.725,75.48
7786,43.275,12.725,72.22
7790,43.275,12.725,75.48
7809,41.025,12.725,82.3
7816,42.15,12.725,82.3
7820,43.275,12.725,82.3
7824,41.025,12.725,78.74
7831,42.15,12.725,78.74
7835,43.275,12.725,78.74
7851,41.025,12.725,68.96
7858,42.15,12.725,68.96
7862,43.275,12.725,68.96
7866,41.025,12.725,65.7
7873,42.15,12.725,65.7
7877,43.275,12.725,65.7
7881,41.025,12.725,62.44
7888,42.15,12.725,62.44
7892,43.275,12.725,62.44
7896,41.025,12.725,59.18
7903,42.15,12.725,59.18
7907,43.275,12.725,59.18
7911,41.025,12.725,55.92
7918,42.15,12.725,55.92
7922,43.275,12.725,55.92
7926,41.025,12.725,52.66
7933,42.15,12.725,52.66
7937,43.275,12.725,52.66
7941,41.025,12.725,49.4
7948,42.15,12.725,49.4
7952,43.275,12.725,49.4
7956,41.025,12.725,46.14
7963,42.15,12.725,46.14
7967,43.275,12.725,46.14
7971,41.025,12.725,42.88
7978,42.15,12.725,42.88
7982,43.275,12.725,42.88
7986,41.025,12.725,39.62
7993,42.15,12.725,39.62
7997,43.275,12.725,39.62
8001,41.025,12.725,36.36
8008,42.15,12.725,36.36
8012,43.275,12.725,36.36
8016,41.025,12.725,33.1
8023,42.15,12.725,33.1
8027,43.275,12.725,33.1
8031,41.025,12.725,29.84
8038,42.15,12.725,29.84
8042,43.275,12.725,29.84
8046,41.025,12.725,26.58
8053,42.15,12.725,26.58
8057,43.275,12.725,26.58
8061,41.025,12.725,23.32
8068,42.15,12.725,23.32
8072,43.275,12.725,23.32
8076,41.025,12.725,20.06
8083,42.15,12.725,20.06
8087,43.275,12.725,20.06
8091,41.025,12.725,16.8
8098,42.15,12.725,16.8
8102,43.275,12.725,16.8
8106,41.025,12.725,11.4
8113,42.15,12.725,11.4
8117,43.275,12.725,11.4
8121,41.025,12.725,7.2
8128,42.15,12.725,7.2
8132,43.275,12.725,7.2
8181,36.525,21.025,72.22
8185,36.525,21.025,75.48
8186,37.65,21.025,72.22
8190,37.65,21.025,75.48
8191,38.775,21.025,72.22
8195,38.775,21.025,75.48
8211,36.525,21.025,82.3
8215,37.65,21.025,82.3
8219,38.775,21.025,82.3
8223,36.525,21.025,78.74
8227,37.65,21.025,78.74
8231,38.775,21.025,78.74
8244,36.525,21.025,68.96
8248,37.65,21.025,68.96
8252,38.775,21.025,68.96
8256,36.525,21.025,65.7
8260,37.65,21.025,65.7
8264,38.775,21.025,65.7
8268,36.525,21.025,62.44
8272,37.65,21.025,62.44
8276,38.775,21.025,62.44
8280,36.525,21.025,59.18
8284,37.65,21.025,59.18
8288,38.775,21.025,59.18
8292,36.525,21.025,55.92
8296,37.65,21.025,55.92
8300,38.775,21.025,55.92
8304,36.525,21.025,52.66
8308,37.65,21.025,52.66
8312,38.775,21.025,52.66
8316,36.525,21.025,49.4
8320,37.65,21.025,49.4
8324,38.775,21.025,49.4
8328,36.525,21.025,46.14
8332,37.65,21.025,46.14
8336,38.775,21.025,46.14
8340,36.525,21.025,42.88
8344,37.65,21.025,42.88
8348,38.775,21.025,42.88
8352,36.525,21.025,39.62
8356,37.65,21.025,39.62
8360,38.775,21.025,39.62
8364,36.525,21.025,36.36
8368,37.65,21.025,36.36
8372,38.775,21.025,36.36
8376,36.525,21.025,33.1
8380,37.65,21.025,33.1
8384,38.775,21.025,33.1
8388,36.525,21.025,29.84
8392,37.65,21.025,29.84
8396,38.775,21.025,29.84
8400,36.525,21.025,26.58
8404,37.65,21.025,26.58
8408,38.775,21.025,26.58
8412,36.525,21.025,23.32
8416,37.65,21.025,23.32
8420,38.775,21.025,23.32
8424,36.525,21.025,20.06
8428,37.65,21.025,20.06
8432,38.775,21.025,20.06
8436,36.525,21.025,16.8
8440,37.65,21.025,16.8
8444,38.775,21.025,16.8
8448,36.525,21.025,11.4
8452,37.65,21.025,11.4
8456,38.775,21.025,11.4
8460,36.525,21.025,7.2
8464,37.65,21.025,7.2
8468,38.775,21.025,7.2
8508,36.525,12.725,72.22
8512,36.525,12.725,75.48
8513,37.65,12.725,72.22
8517,37.65,12.725,75.48
8518,38.775,12.725,72.22
8522,38.775,12.725,75.48
8538,36.525,12.725,82.3
8542,37.65,12.725,82.3
8546,38.775,12.725,82.3
8550,36.525,12.725,78.74
8554,37.65,12.725,78.74
8558,38.775,12.725,78.74
8571,36.525,12.725,68.96
8575,37.65,12.725,68.96
8579,38.775,12.725,68.96
8583,36.525,12.725,65.7
8587,37.65,12.725,65.7
8591,38.775,12.725,65.7
8595,36.525,12.725,62.44
8599,37.65,12.725,62.44
8603,38.775,12.725,62.44
8607,36.525,12.725,59.18
8611,37.65,12.725,59.18
8615,38.775,12.725,59.18
8619,36.525,12.725,55.92
8623,37.65,12.725,55.92
8627,38.775,12.725,55.92
8631,36.525,12.725,52.66
8635,37.65,12.725,52.66
8639,38.775,12.725,52.66
8643,36.525,12.725,49.4
8647,37.65,12.725,49.4
8651,38.775,12.725,49.4
8655,36.525,12.725,46.14
8659,37.65,12.725,46.14
8663,38.775,12.725,46.14
8667,36.525,12.725,42.88
8671,37.65,12.725,42.88
8675,38.775,12.725,42.88
8679,36.525,12.725,39.62
8683,37.65,12.725,39.62
8687,38.775,12.725,39.62
8691,36.525,12.725,36.36
8695,37.65,12.725,36.36
8699,38.775,12.725,36.36
8703,36.525,12.725,33.1
8707,37.65,12.725,33.1
8711,38.775,12.725,33.1
8715,36.525,12.725,29.84
8719,37.65,12.725,29.84
8723,38.775,12.725,29.84
8727,36.525,12.725,26.58
8731,37.65,12.725,26.58
8735,38.775,12.725,26.58
8739,36.525,12.725,23.32
8743,37.65,12.725,23.32
8747,38.775,12.725,23.32
8751,36.525,12.725,20.06
8755,37.65,12.725,20.06
8759,38.775,12.725,20.06
8763,36.525,12.725,16.8
8767,37.65,12.725,16.8
8771,38.775,12.725,16.8
8775,36.525,12.725,11.4
8779,37.65,12.725,11.4
8783,38.775,12.725,11.4
8787,36.525,12.725,7.2
8791,37.65,12.725,7.2
8795,38.775,12.725,7.2
8895,26.4,19.4,11.4
8897,26.4,19.4,16.8
8898,26.4,14.4,11.4
8900,26.4,14.4,16.8
8902,26.4,19.4,82.3
8903,26.4,14.4,82.3
8907,26.4,19.4,72.22
8910,26.4,14.4,72.22
8913,26.4,19.4,68.96
8916,26.4,14.4,68.96
8919,26.4,19.4,65.7
8922,26.4,14.4,65.7
8925,26.4,19.4,62.44
8928,26.4,14.4,62.44
8931,26.4,19.4,59.18
8934,26.4,14.4,59.18
8937,26.4,19.4,55.92
8940,26.4,14.4,55.92
8943,26.4,19.4,52.66
8946,26.4,14.4,52.66
8949,26.4,19.4,49.4
8952,26.4,14.4,49.4
8955,26.4,19.4,46.14
8958,26.4,14.4,46.14
8961,26.4,19.4,42.88
8964,26.4,14.4,42.88
8975,28.8,21.025,11.4
8976,27.7,21.025,11.4
8979,28.8,21.025,7.2
8980,27.7,21.025,7.2
8984,27.7,21.025,16.8
8985,28.8,21.025,16.8
9005,49.0,23.575,7.2
9008,26.4,19.4,39.62
9011,26.4,14.4,39.62
9014,26.4,19.4,36.36
9017,26.4,14.4,36.36
9020,26.4,19.4,33.1
9023,26.4,14.4,33.1
9026,26.4,19.4,29.84
9029,26.4,14.4,29.84
9032,26.4,19.4,26.58
9035,26.4,14.4,26.58
9038,26.4,19.4,23.32
9041,26.4,14.4,23.32
9044,26.4,19.4,20.06
9047,26.4,14.4,20.06
9057,47.8,23.575,11.4
9059,49.0,23.575,11.4
9067,26.4,19.4,7.2
9069,26.4,14.4,7.2
9322,39.9,15.975,7.2
9324,39.9,15.975,11.4
9344,39.9,15.975,82.3
9350,39.9,15.975,78.74
9356,39.9,15.975,75.48
9362,39.9,15.975,72.22
9368,39.9,15.975,68.96
9374,39.9,15.975,65.7
9380,39.9,15.975,62.44
9386,39.9,15.975,59.18
9392,39.9,15.975,55.92
9398,39.9,15.975,52.66
9404,39.9,15.975,49.4
9410,39.9,15.975,46.14
9416,39.9,15.975,42.88
9422,39.9,15.975,39.62
9428,39.9,15.975,36.36
9434,39.9,15.975,33.1
9440,39.9,15.975,29.84
9446,39.9,15.975,26.58
9452,39.9,15.975,23.32
9458,39.9,15.975,20.06
9464,39.9,15.975,16.8
9489,37.65,17.775,72.22
9496,37.65,17.775,75.48
9500,42.15,17.775,72.22
9504,42.15,17.775,75.48
9527,37.65,17.775,82.3
9537,42.15,17.775,82.3
9544,37.65,17.775,78.74
9554,42.15,17.775,78.74
9576,37.65,17.775,68.96
9586,42.15,17.775,68.96
9593,37.65,17.775,65.7
9603,42.15,17.775,65.7
9610,37.65,17.775,62.44
9620,42.15,17.775,62.44
9627,37.65,17.775,59.18
9637,42.15,17.775,59.18
9644,37.65,17.775,55.92
9654,42.15,17.775,55.92
9661,37.65,17.775,52.66
9671,42.15,17.775,52.66
9678,37.65,17.775,49.4
9688,42.15,17.775,49.4
9695,37.65,17.775,46.14
9705,42.15,17.775,46.14
9712,37.65,17.775,42.88
9722,42.15,17.775,42.88
9729,37.65,17.775,39.62
9739,42.15,17.775,39.62
9746,37.65,17.775,36.36
9756,42.15,17.775,36.36
9763,37.65,17.775,33.1
9773,42.15,17.775,33.1
9780,37.65,17.775,29.84
9790,42.15,17.775,29.84
9797,37.65,17.775,26.58
9807,42.15,17.775,26.58
9814,37.65,17.775,23.32
9824,42.15,17.775,23.32
9831,37.65,17.775,20.06
9841,42.15,17.775,20.06
9848,37.65,17.775,16.8
9858,42.15,17.775,16.8
9865,37.65,17.775,11.4
9875,42.15,17.775,11.4
9882,37.65,17.775,7.2
9892,42.15,17.775,7.2
11389,35.9,12.725,55.92
11392,35.9,12.725,52.66
11394,35.9,12.725,49.4
11396,35.9,12.725,46.14
11398,35.9,12.725,42.88
11399,48.9,24.775,72.22
11406,48.9,24.775,75.48
11407,48.9,26.025,72.22
11411,48.9,26.025,75.48
11412,48.9,27.275,72.22
11416,48.9,27.275,75.48
11436,35.9,12.725,39.62
11438,35.9,12.725,36.36
11440,35.9,12.725,33.1
11442,35.9,12.725,29.84
11444,35.9,12.725,26.58
11446,35.9,12.725,23.32
11452,35.9,12.725,20.06
11454,35.9,12.725,11.4
11456,35.9,12.725,16.8
11460,35.9,12.725,7.2
11464,38.6,12.725,82.3
11466,38.6,12.725,78.74
11468,38.6,12.725,75.48
11470,38.6,12.725,72.22
11472,38.6,12.725,68.96
11474,38.6,12.725,65.7
11476,38.6,12.725,62.44
11478,38.6,12.725,59.18
11480,38.6,12.725,55.92
11482,38.6,12.725,52.66
11484,38.6,12.725,49.4
11486,38.6,12.725,46.14
11488,38.6,12.725,42.88
11490,38.6,12.725,39.62
11492,38.6,12.725,36.36
11494,38.6,12.725,33.1
11496,38.6,12.725,29.84
11498,38.6,12.725,26.58
11500,38.6,12.725,23.32
11506,38.6,12.725,20.06
11508,38.6,12.725,11.4
11510,38.6,12.725,16.8
11511,53.4,24.8125,7.2
11518,53.4,24.8125,11.4
11519,53.4,26.05,7.2
11523,53.4,26.05,11.4
11524,53.4,27.2875,7.2
11528,53.4,27.2875,11.4
11535,38.6,12.725,7.2
11540,38.6,15.975,82.3
11541,38.6,15.975,78.74
11542,38.6,15.975,75.48
11543,38.6,15.975,72.22
11544,38.6,15.975,68.96
11545,38.6,15.975,65.7
11546,38.6,15.975,62.44
11547,38.6,15.975,59.18
11548,38.6,15.975,55.92
11549,38.6,15.975,52.66
11550,38.6,15.975,49.4
11551,38.6,15.975,46.14
11552,38.6,15.975,42.88
11554,38.6,15.975,39.62
11555,38.6,15.975,36.36
11556,38.6,15.975,33.1
11557,38.6,15.975,29.84
11558,38.6,15.975,26.58
11559,38.6,15.975,23.32
11561,30.9,6.475,11.4
11568,30.9,7.725,11.4
11572,30.9,8.975,11.4
11576,48.9,26.025,11.4
11580,48.9,27.275,11.4
11601,53.4,24.8125,16.8
11605,53.4,26.05,16.8
11609,53.4,27.2875,16.8
11613,30.9,6.475,16.8
11620,30.9,6.475,20.06
11621,30.9,7.725,16.8
11625,30.9,7.725,20.06
11626,30.9,8.975,16.8
11630,30.9,8.975,20.06
11655,38.6,15.975,20.06
11656,38.6,15.975,16.8
11657,38.6,15.975,11.4
11658,38.6,15.975,7.2
11662,30.9,24.775,20.06
11667,30.9,26.025,20.06
11672,30.9,27.275,20.06
11676,48.9,24.775,16.8
11683,48.9,24.775,20.06
11684,48.9,26.025,16.8
11688,48.9,26.025,20.06
11689,48.9,27.275,16.8
11693,48.9,27.275,20.06
11697,30.9,6.475,26.58
11704,30.9,6.475,29.84
11705,30.9,7.725,26.58
11709,30.9,7.725,29.84
11710,30.9,8.975,26.58
11714,30.9,8.975,29.84
11718,30.9,6.475,65.7
11725,30.9,6.475,68.96
11726,30.9,7.725,65.7
11730,30.9,7.725,68.96
11731,30.9,8.975,65.7
11735,30.9,8.975,68.96
11739,30.9,6.475,62.44
11746,30.9,7.725,62.44
11750,30.9,8.975,62.44
11757,30.9,6.475,59.18
11764,30.9,7.725,59.18
11768,30.9,8.975,59.18
11775,30.9,6.475,55.92
11782,30.9,7.725,55.92
11786,30.9,8.975,55.92
11793,30.9,6.475,52.66
11800,30.9,7.725,52.66
11804,30.9,8.975,52.66
11811,30.9,6.475,49.4
11818,30.9,7.725,49.4
11822,30.9,8.975,49.4
11829,30.9,6.475,46.14
11836,30.9,7.725,46.14
11840,30.9,8.975,46.14
11847,30.9,6.475,42.88
11854,30.9,7.725,42.88
11858,30.9,8.975,42.88
11865,30.9,6.475,39.62
11872,30.9,7.725,39.62
11876,30.9,8.975,39.62
11883,30.9,6.475,36.36
11890,30.9,7.725,36.36
11894,30.9,8.975,36.36
11901,30.9,6.475,33.1
11908,30.9,7.725,33.1
11912,30.9,8.975,33.1
11940,30.9,6.475,23.32
11944,30.9,7.725,23.32
11948,30.9,8.975,23.32
11983,48.9,6.4625,7.2
11990,48.9,7.7,7.2
11994,48.9,8.9375,7.2
12052,53.4,5.8,11.4
12059,53.4,5.8,16.8
12060,53.4,6.375,11.4
12064,53.4,6.375,16.8
12065,53.4,6.95,11.4
12069,53.4,6.95,16.8
12070,53.4,5.8,7.2
12077,53.4,6.375,7.2
12081,53.4,6.95,7.2
12127,50.025,5.225,11.4
12131,50.025,5.225,16.8
12132,51.15,5.225,11.4
12136,51.15,5.225,16.8
12137,52.275,5.225,11.4
12141,52.275,5.225,16.8
12142,50.025,5.225,7.2
12146,51.15,5.225,7.2
12150,52.275,5.225,7.2
12207,30.9,24.775,26.58
12214,30.9,24.775,29.84
12215,30.9,26.025,26.58
12219,30.9,26.025,29.84
12220,30.9,27.275,26.58
12224,30.9,27.275,29.84
12228,30.9,24.775,65.7
12235,30.9,24.775,68.96
12236,30.9,26.025,65.7
12240,30.9,26.025,68.96
12241,30.9,27.275,65.7
12245,30.9,27.275,68.96
12249,30.9,24.775,62.44
12256,30.9,26.025,62.44
12260,30.9,27.275,62.44
12267,30.9,24.775,59.18
12274,30.9,26.025,59.18
12278,30.9,27.275,59.18
12285,30.9,24.775,55.92
12292,30.9,26.025,55.92
12296,30.9,27.275,55.92
12303,30.9,24.775,52.66
12310,30.9,26.025,52.66
12314,30.9,27.275,52.66
12321,30.9,24.775,49.4
12328,30.9,26.025,49.4
12332,30.9,27.275,49.4
12339,30.9,24.775,46.14
12346,30.9,26.025,46.14
12350,30.9,27.275,46.14
12357,30.9,24.775,42.88
12364,30.9,26.025,42.88
12368,30.9,27.275,42.88
12375,30.9,24.775,39.62
12382,30.9,26.025,39.62
12386,30.9,27.275,39.62
12393,30.9,24.775,36.36
12400,30.9,26.025,36.36
12404,30.9,27.275,36.36
12411,30.9,24.775,33.1
12418,30.9,26.025,33.1
12422,30.9,27.275,33.1
12450,30.9,24.775,23.32
12454,30.9,26.025,23.32
12458,30.9,27.275,23.32
12462,48.9,24.775,26.58
12469,48.9,24.775,29.84
12470,48.9,26.025,26.58
12474,48.9,26.025,29.84
12475,48.9,27.275,26.58
12479,48.9,27.275,29.84
12483,48.9,24.775,65.7
12490,48.9,24.775,68.96
12491,48.9,26.025,65.7
12495,48.9,26.025,68.96
12496,48.9,27.275,65.7
12500,48.9,27.275,68.96
12504,48.9,24.775,62.44
12511,48.9,26.025,62.44
12515,48.9,27.275,62.44
12522,48.9,24.775,59.18
12529,48.9,26.025,59.18
12533,48.9,27.275,59.18
12540,48.9,24.775,55.92
12547,48.9,26.025,55.92
12551,48.9,27.275,55.92
12558,48.9,24.775,52.66
12565,48.9,26.025,52.66
12569,48.9,27.275,52.66
12576,48.9,24.775,49.4
12583,48.9,26.025,49.4
12587,48.9,27.275,49.4
12594,48.9,24.775,46.14
12601,48.9,26.025,46.14
12605,48.9,27.275,46.14
12612,48.9,24.775,42.88
12619,48.9,26.025,42.88
12623,48.9,27.275,42.88
12630,48.9,24.775,39.62
12637,48.9,26.025,39.62
12641,48.9,27.275,39.62
12648,48.9,24.775,36.36
12655,48.9,26.025,36.36
12659,48.9,27.275,36.36
12666,48.9,24.775,33.1
12673,48.9,26.025,33.1
12677,48.9,27.275,33.1
12705,48.9,24.775,23.32
12709,48.9,26.025,23.32
12713,48.9,27.275,23.32
12723,30.9,6.475,72.22
12727,30.9,7.725,72.22
12731,30.9,8.975,72.22
12801,30.9,6.475,75.48
12805,30.9,7.725,75.48
12809,30.9,8.975,75.48
12825,48.9,10.175,75.48
12827,48.9,10.175,72.22
12829,48.9,10.175,68.96
12882,48.9,10.175,65.7
12884,48.9,10.175,62.44
12886,48.9,10.175,59.18
12888,48.9,10.175,55.92
12890,48.9,10.175,52.66
12892,48.9,10.175,49.4
12894,48.9,10.175,46.14
12896,48.9,10.175,42.88
12966,48.9,10.175,39.62
12968,48.9,10.175,36.36
12970,48.9,10.175,33.1
12972,48.9,10.175,29.84
12974,48.9,10.175,26.58
12976,48.9,10.175,23.32
12978,48.9,10.175,20.06
12980,48.9,6.4625,16.8
13035,29.55,14.8,11.4
13039,29.55,14.8,16.8
13040,29.55,16.875,11.4
13044,29.55,16.875,16.8
13045,29.55,18.95,11.4
13049,29.55,18.95,16.8
13050,29.55,14.8,7.2
13057,29.55,16.875,7.2
13061,29.55,18.95,7.2
13317,48.9,6.4625,20.06
13318,48.9,7.7,16.8
13322,48.9,7.7,20.06
13323,48.9,8.9375,16.8
13327,48.9,8.9375,20.06
13331,48.9,6.4625,72.22
13338,48.9,6.4625,75.48
13339,48.9,7.7,72.22
13343,48.9,7.7,75.48
13344,48.9,8.9375,72.22
13348,48.9,8.9375,75.48
13352,48.9,6.4625,68.96
13359,48.9,7.7,68.96
14061,35.90625,15.975,82.3
14148,35.90625,15.975,78.74
14235,35.90625,15.975,75.48
14322,35.90625,15.975,72.22
14409,35.90625,15.975,68.96
14496,35.90625,15.975,65.7
14583,35.90625,15.975,62.44
14670,35.90625,15.975,59.18
14757,35.90625,15.975,55.92
14844,35.90625,15.975,52.66
14931,35.90625,15.975,49.4
15018,35.90625,15.975,46.14
15105,35.90625,15.975,42.88
15192,35.90625,15.975,39.62
15279,35.90625,15.975,36.36
15366,35.90625,15.975,33.1
15453,35.90625,15.975,29.84
15540,35.90625,15.975,26.58
15627,35.90625,15.975,23.32
15714,35.90625,15.975,20.06
15801,35.90625,15.975,16.8
15888,35.90625,15.975,11.4
15975,35.90625,15.975,7.2
16496,41.1,12.725,82.3
16555,41.1,12.725,78.74
16571,41.1,12.725,75.48
16593,41.1,12.725,72.22
16601,41.1,12.725,68.96
16603,41.1,12.725,65.7
16605,41.1,12.725,62.44
16607,41.1,12.725,59.18
16609,41.1,12.725,55.92
16611,41.1,12.725,52.66
16613,41.1,12.725,49.4
16615,41.1,12.725,46.14
16617,41.1,12.725,42.88
16619,41.1,12.725,39.62
16702,46.8375,28.525,7.2
16706,41.1,12.725,36.36
16708,46.8375,28.525,11.4
16709,47.525,28.525,7.2
16713,47.525,28.525,11.4
16714,48.2125,28.525,7.2
16718,48.2125,28.525,11.4
16764,41.1,12.725,33.1
16768,48.9,27.2875,7.2
16773,48.9,27.2875,11.4
16774,48.9,26.05,7.2
16778,48.9,26.05,11.4
16779,48.9,24.8125,7.2
16783,48.9,24.8125,11.4
16862,48.9,23.575,7.2
16863,48.9,23.575,11.4
16867,46.15,23.575,7.2
16868,46.15,23.575,11.4
16891,48.9,8.9375,68.96
16898,48.9,6.4625,65.7
16906,48.9,7.7,65.7
16914,48.9,8.9375,65.7
16935,48.9,6.4625,62.44
16942,48.9,7.7,62.44
16946,48.9,8.9375,62.44
16953,48.9,6.4625,59.18
16960,48.9,7.7,59.18
16964,48.9,8.9375,59.18
16971,48.9,6.4625,55.92
16978,48.9,7.7,55.92
16982,48.9,8.9375,55.92
16989,48.9,6.4625,52.66
16996,48.9,7.7,52.66
17000,48.9,8.9375,52.66
17007,48.9,6.4625,49.4
17014,48.9,7.7,49.4
17018,48.9,8.9375,49.4
17025,48.9,6.4625,46.14
17029,41.1,12.725,29.84
17033,41.1,12.725,26.58
17035,41.1,12.725,23.32
17041,41.1,12.725,20.06
17044,67.132109,12.896341,7.2
17097,48.9,7.7,46.14
17101,48.9,8.9375,46.14
17108,48.9,6.4625,42.88
17119,48.9,7.7,42.88
17142,48.9,8.9375,42.88
17149,48.9,6.4625,39.62
17178,48.9,7.7,39.62
17182,48.9,8.9375,39.62
17189,48.9,6.4625,36.36
17216,46.325,12.725,23.32
17219,46.325,12.725,82.3
17220,46.325,12.725,78.74
17221,46.325,12.725,75.48
17222,46.325,12.725,72.22
17223,46.325,12.725,68.96
17224,46.325,12.725,65.7
17225,46.325,12.725,62.44
17226,46.325,12.725,59.18
17227,46.325,12.725,55.92
17228,46.325,12.725,52.66
17229,46.325,12.725,49.4
17230,46.325,12.725,46.14
17231,46.325,12.725,42.88
17232,46.325,12.725,39.62
17233,46.325,12.725,36.36
17234,46.325,12.725,33.1
17235,46.325,12.725,29.84
17236,46.325,12.725,26.58
17237,46.325,12.725,20.06
17238,46.325,12.725,16.8
17239,46.325,12.725,11.4
17240,46.325,12.725,7.2
17243,41.1,12.725,11.4
17244,33.475,12.725,29.84
17247,33.475,12.725,82.3
17248,33.475,12.725,78.74
17249,33.475,12.725,75.48
17250,33.475,12.725,72.22
17251,33.475,12.725,68.96
17252,33.475,12.725,65.7
17253,33.475,12.725,62.44
17254,33.475,12.725,59.18
17255,33.475,12.725,55.92
17256,33.475,12.725,52.66
17257,33.475,12.725,49.4
17258,33.475,12.725,46.14
17259,33.475,12.725,42.88
17260,33.475,12.725,39.62
17261,33.475,12.725,36.36
17262,33.475,12.725,33.1
17263,33.475,12.725,26.58
17264,33.475,12.725,23.32
17265,33.475,12.725,20.06
17266,33.475,12.725,16.8
17267,33.475,12.725,11.4
17268,33.475,12.725,7.2
17271,48.9,7.7,36.36
17288,30.9,6.475,7.2
17292,30.9,7.725,7.2
17296,30.9,8.975,7.2
17315,41.1,12.725,16.8
17320,41.1,12.725,7.2
17323,48.9,8.9375,36.36
17324,44.05,12.725,82.3
17326,44.05,12.725,78.74
17328,44.05,12.725,75.48
17330,44.05,12.725,72.22
17332,44.05,12.725,68.96
17334,44.05,12.725,65.7
17336,44.05,12.725,62.44
17337,48.9,6.4625,33.1
17338,44.05,12.725,59.18
17340,44.05,12.725,55.92
17342,44.05,12.725,52.66
17344,44.05,12.725,49.4
17346,44.05,12.725,46.14
17348,44.05,12.725,42.88
17350,44.05,12.725,39.62
17351,48.9,7.7,33.1
17352,44.05,12.725,36.36
17355,44.05,12.725,33.1
17357,44.05,12.725,29.84
17358,48.9,8.9375,33.1
17359,44.05,12.725,26.58
17361,44.05,12.725,23.32
17362,30.9,23.525,11.4
17364,30.9,23.525,16.8
17366,30.9,23.525,7.2
17370,44.05,12.725,20.06
17373,44.05,12.725,11.4
17420,30.9,24.775,7.2
17424,30.9,26.025,7.2
17428,30.9,27.275,7.2
17438,30.9,24.775,11.4
17442,30.9,26.025,11.4
17446,30.9,27.275,11.4
17456,30.9,24.775,16.8
17460,30.9,26.025,16.8
17464,30.9,27.275,16.8
17483,48.9,6.4625,29.84
17484,30.9,23.525,75.48
17485,44.05,12.725,16.8
17486,30.9,23.525,72.22
17488,44.05,12.725,7.2
17489,30.9,24.775,72.22
17496,30.9,24.775,75.48
17497,30.9,26.025,72.22
17501,30.9,26.025,75.48
17502,30.9,27.275,72.22
17506,30.9,27.275,75.48
17535,41.1,15.975,82.3
17536,44.05,15.975,82.3
17537,41.1,15.975,78.74
17538,44.05,15.975,78.74
17539,41.1,15.975,75.48
17540,44.05,15.975,75.48
17541,41.1,15.975,72.22
17542,44.05,15.975,72.22
17543,41.1,15.975,68.96
17544,44.05,15.975,68.96
17545,41.1,15.975,65.7
17546,44.05,15.975,65.7
17547,41.1,15.975,62.44
17548,44.05,15.975,62.44
17549,41.1,15.975,59.18
17550,44.05,15.975,59.18
17551,41.1,15.975,55.92
17552,44.05,15.975,55.92
17553,41.1,15.975,52.66
17554,44.05,15.975,52.66
17555,41.1,15.975,49.4
17556,44.05,15.975,49.4
17557,41.1,15.975,46.14
17558,44.05,15.975,46.14
17559,41.1,15.975,42.88
17560,44.05,15.975,42.88
17561,41.1,15.975,39.62
17562,44.05,15.975,39.62
17563,41.1,15.975,36.36
17564,44.05,15.975,36.36
17565,41.1,15.975,33.1
17566,44.05,15.975,33.1
17567,41.1,15.975,29.84
17568,44.05,15.975,29.84
17569,41.1,15.975,26.58
17570,44.05,15.975,26.58
17571,41.1,15.975,23.32
17572,44.05,15.975,23.32
17573,41.1,15.975,20.06
17574,44.05,15.975,20.06
17575,41.1,15.975,16.8
17576,44.05,15.975,16.8
17577,41.1,15.975,11.4
17578,44.05,15.975,11.4
17579,41.1,15.975,7.2
17580,44.05,15.975,7.2
17583,48.9,7.7,29.84
17587,48.9,8.9375,29.84
17594,48.9,6.4625,26.58
17601,48.9,7.7,26.58
17605,48.9,8.9375,26.58
17612,48.9,6.4625,23.32
17619,48.9,7.7,23.32
17623,48.9,8.9375,23.32
