1,35387.0,16225.0,7200.0
2,35387.0,15505.0,7200.0
5,33290.0,15505.0,7200.0
7,33290.0,18045.0,7200.0
9,35387.0,18045.0,7200.0
11,35387.0,17325.0,7200.0
13,35387.0,15505.0,11400.0
14,35387.0,16225.0,11400.0
15,33290.0,15505.0,11400.0
16,33290.0,18045.0,11400.0
17,35387.0,18045.0,11400.0
18,35387.0,17325.0,11400.0
25,35387.0,15505.0,15600.0
26,35387.0,16225.0,15600.0
27,33290.0,15505.0,15600.0
28,33290.0,18045.0,15600.0
29,35387.0,18045.0,15600.0
30,35387.0,17325.0,15600.0
37,35387.0,15505.0,19800.0
38,35387.0,16225.0,19800.0
39,33290.0,15505.0,19800.0
40,33290.0,18045.0,19800.0
41,35387.0,18045.0,19800.0
42,35387.0,17325.0,19800.0
49,35387.0,15505.0,24000.0
50,35387.0,16225.0,24000.0
51,33290.0,15505.0,24000.0
52,33290.0,18045.0,24000.0
53,35387.0,18045.0,24000.0
54,35387.0,17325.0,24000.0
61,35387.0,15505.0,28200.0
62,35387.0,16225.0,28200.0
63,33290.0,15505.0,28200.0
64,33290.0,18045.0,28200.0
65,35387.0,18045.0,28200.0
66,35387.0,17325.0,28200.0
73,35387.0,15505.0,32400.0
74,35387.0,16225.0,32400.0
75,33290.0,15505.0,32400.0
76,33290.0,18045.0,32400.0
77,35387.0,18045.0,32400.0
78,35387.0,17325.0,32400.0
85,35387.0,15505.0,36600.0
86,35387.0,16225.0,36600.0
87,33290.0,15505.0,36600.0
88,33290.0,18045.0,36600.0
89,35387.0,18045.0,36600.0
90,35387.0,17325.0,36600.0
97,35387.0,15505.0,40800.0
98,35387.0,16225.0,40800.0
99,33290.0,15505.0,40800.0
100,33290.0,18045.0,40800.0
101,35387.0,18045.0,40800.0
102,35387.0,17325.0,40800.0
109,35387.0,15505.0,45000.0
110,35387.0,16225.0,45000.0
111,33290.0,15505.0,45000.0
112,33290.0,18045.0,45000.0
113,35387.0,18045.0,45000.0
114,35387.0,17325.0,45000.0
121,35387.0,15505.0,49200.0
122,35387.0,16225.0,49200.0
123,33290.0,15505.0,49200.0
124,33290.0,18045.0,49200.0
125,35387.0,18045.0,49200.0
126,35387.0,17325.0,49200.0
133,35387.0,15505.0,53400.0
134,35387.0,16225.0,53400.0
135,33290.0,15505.0,53400.0
136,33290.0,18045.0,53400.0
137,35387.0,18045.0,53400.0
138,35387.0,17325.0,53400.0
145,35387.0,15505.0,57600.0
146,35387.0,16225.0,57600.0
147,33290.0,15505.0,57600.0
148,33290.0,18045.0,57600.0
149,35387.0,18045.0,57600.0
150,35387.0,17325.0,57600.0
157,35387.0,15505.0,61800.0
158,35387.0,16225.0,61800.0
159,33290.0,15505.0,61800.0
160,33290.0,18045.0,61800.0
161,35387.0,18045.0,61800.0
162,35387.0,17325.0,61800.0
169,35387.0,15505.0,66000.0
170,35387.0,16225.0,66000.0
171,33290.0,15505.0,66000.0
172,33290.0,18045.0,66000.0
173,35387.0,18045.0,66000.0
174,35387.0,17325.0,66000.0
181,35387.0,15505.0,70200.0
182,35387.0,16225.0,70200.0
183,33290.0,15505.0,70200.0
184,33290.0,18045.0,70200.0
185,35387.0,18045.0,70200.0
186,35387.0,17325.0,70200.0
193,35387.0,15505.0,74400.0
194,35387.0,16225.0,74400.0
195,33290.0,15505.0,74400.0
196,33290.0,18045.0,74400.0
197,35387.0,18045.0,74400.0
198,35387.0,17325.0,74400.0
205,35387.0,15505.0,78600.0
206,35387.0,16225.0,78600.0
207,33290.0,15505.0,78600.0
208,33290.0,18045.0,78600.0
209,35387.0,18045.0,78600.0
210,35387.0,17325.0,78600.0
217,35387.0,15505.0,82800.0
218,35387.0,16225.0,82800.0
219,33290.0,15505.0,82800.0
220,33290.0,18045.0,82800.0
221,35387.0,18045.0,82800.0
222,35387.0,17325.0,82800.0
229,35387.0,15505.0,87850.0
230,35387.0,16225.0,87850.0
231,33290.0,15505.0,87850.0
232,33290.0,18045.0,87850.0
233,35387.0,18045.0,87850.0
234,35387.0,17325.0,87850.0
235,35387.0,19225.0,7200.0
236,35387.0,18505.0,7200.0
239,33290.0,18505.0,7200.0
241,33290.0,21045.0,7200.0
243,35387.0,21045.0,7200.0
245,35387.0,20325.0,7200.0
247,35387.0,18505.0,11400.0
248,35387.0,19225.0,11400.0
249,33290.0,18505.0,11400.0
250,33290.0,21045.0,11400.0
251,35387.0,21045.0,11400.0
252,35387.0,20325.0,11400.0
259,35387.0,18505.0,15600.0
260,35387.0,19225.0,15600.0
261,33290.0,18505.0,15600.0
262,33290.0,21045.0,15600.0
263,35387.0,21045.0,15600.0
264,35387.0,20325.0,15600.0
271,35387.0,18505.0,19800.0
272,35387.0,19225.0,19800.0
273,33290.0,18505.0,19800.0
274,33290.0,21045.0,19800.0
275,35387.0,21045.0,19800.0
276,35387.0,20325.0,19800.0
283,35387.0,18505.0,24000.0
284,35387.0,19225.0,24000.0
285,33290.0,18505.0,24000.0
286,33290.0,21045.0,24000.0
287,35387.0,21045.0,24000.0
288,35387.0,20325.0,24000.0
295,35387.0,18505.0,28200.0
296,35387.0,19225.0,28200.0
297,33290.0,18505.0,28200.0
298,33290.0,21045.0,28200.0
299,35387.0,21045.0,28200.0
300,35387.0,20325.0,28200.0
307,35387.0,18505.0,32400.0
308,35387.0,19225.0,32400.0
309,33290.0,18505.0,32400.0
310,33290.0,21045.0,32400.0
311,35387.0,21045.0,32400.0
312,35387.0,20325.0,32400.0
319,35387.0,18505.0,36600.0
320,35387.0,19225.0,36600.0
321,33290.0,18505.0,36600.0
322,33290.0,21045.0,36600.0
323,35387.0,21045.0,36600.0
324,35387.0,20325.0,36600.0
331,35387.0,18505.0,40800.0
332,35387.0,19225.0,40800.0
333,33290.0,18505.0,40800.0
334,33290.0,21045.0,40800.0
335,35387.0,21045.0,40800.0
336,35387.0,20325.0,40800.0
343,35387.0,18505.0,45000.0
344,35387.0,19225.0,45000.0
345,33290.0,18505.0,45000.0
346,33290.0,21045.0,45000.0
347,35387.0,21045.0,45000.0
348,35387.0,20325.0,45000.0
355,35387.0,18505.0,49200.0
356,35387.0,19225.0,49200.0
357,33290.0,18505.0,49200.0
358,33290.0,21045.0,49200.0
359,35387.0,21045.0,49200.0
360,35387.0,20325.0,49200.0
367,35387.0,18505.0,53400.0
368,35387.0,19225.0,53400.0
369,33290.0,18505.0,53400.0
370,33290.0,21045.0,53400.0
371,35387.0,21045.0,53400.0
372,35387.0,20325.0,53400.0
379,35387.0,18505.0,57600.0
380,35387.0,19225.0,57600.0
381,33290.0,18505.0,57600.0
382,33290.0,21045.0,57600.0
383,35387.0,21045.0,57600.0
384,35387.0,20325.0,57600.0
391,35387.0,18505.0,61800.0
392,35387.0,19225.0,61800.0
393,33290.0,18505.0,61800.0
394,33290.0,21045.0,61800.0
395,35387.0,21045.0,61800.0
396,35387.0,20325.0,61800.0
403,35387.0,18505.0,66000.0
404,35387.0,19225.0,66000.0
405,33290.0,18505.0,66000.0
406,33290.0,21045.0,66000.0
407,35387.0,21045.0,66000.0
408,35387.0,20325.0,66000.0
415,35387.0,18505.0,70200.0
416,35387.0,19225.0,70200.0
417,33290.0,18505.0,70200.0
418,33290.0,21045.0,70200.0
419,35387.0,21045.0,70200.0
420,35387.0,20325.0,70200.0
427,35387.0,18505.0,74400.0
428,35387.0,19225.0,74400.0
429,33290.0,18505.0,74400.0
430,33290.0,21045.0,74400.0
431,35387.0,21045.0,74400.0
432,35387.0,20325.0,74400.0
439,35387.0,18505.0,78600.0
440,35387.0,19225.0,78600.0
441,33290.0,18505.0,78600.0
442,33290.0,21045.0,78600.0
443,35387.0,21045.0,78600.0
444,35387.0,20325.0,78600.0
451,35387.0,18505.0,82800.0
452,35387.0,19225.0,82800.0
453,33290.0,18505.0,82800.0
454,33290.0,21045.0,82800.0
455,35387.0,21045.0,82800.0
456,35387.0,20325.0,82800.0
463,35387.0,18505.0,87850.0
464,35387.0,19225.0,87850.0
465,33290.0,18505.0,87850.0
466,33290.0,21045.0,87850.0
467,35387.0,21045.0,87850.0
468,35387.0,20325.0,87850.0
469,35387.0,22225.0,7200.0
470,35387.0,21505.0,7200.0
473,33290.0,21505.0,7200.0
475,33290.0,24045.0,7200.0
477,35387.0,24045.0,7200.0
479,35387.0,23325.0,7200.0
481,35387.0,21505.0,11400.0
482,35387.0,22225.0,11400.0
483,33290.0,21505.0,11400.0
484,33290.0,24045.0,11400.0
485,35387.0,24045.0,11400.0
486,35387.0,23325.0,11400.0
493,35387.0,21505.0,15600.0
494,35387.0,22225.0,15600.0
495,33290.0,21505.0,15600.0
496,33290.0,24045.0,15600.0
497,35387.0,24045.0,15600.0
498,35387.0,23325.0,15600.0
505,35387.0,21505.0,19800.0
506,35387.0,22225.0,19800.0
507,33290.0,21505.0,19800.0
508,33290.0,24045.0,19800.0
509,35387.0,24045.0,19800.0
510,35387.0,23325.0,19800.0
517,35387.0,21505.0,24000.0
518,35387.0,22225.0,24000.0
519,33290.0,21505.0,24000.0
520,33290.0,24045.0,24000.0
521,35387.0,24045.0,24000.0
522,35387.0,23325.0,24000.0
529,35387.0,21505.0,28200.0
530,35387.0,22225.0,28200.0
531,33290.0,21505.0,28200.0
532,33290.0,24045.0,28200.0
533,35387.0,24045.0,28200.0
534,35387.0,23325.0,28200.0
541,35387.0,21505.0,32400.0
542,35387.0,22225.0,32400.0
543,33290.0,21505.0,32400.0
544,33290.0,24045.0,32400.0
545,35387.0,24045.0,32400.0
546,35387.0,23325.0,32400.0
553,35387.0,21505.0,36600.0
554,35387.0,22225.0,36600.0
555,33290.0,21505.0,36600.0
556,33290.0,24045.0,36600.0
557,35387.0,24045.0,36600.0
558,35387.0,23325.0,36600.0
565,35387.0,21505.0,40800.0
566,35387.0,22225.0,40800.0
567,33290.0,21505.0,40800.0
568,33290.0,24045.0,40800.0
569,35387.0,24045.0,40800.0
570,35387.0,23325.0,40800.0
577,35387.0,21505.0,45000.0
578,35387.0,22225.0,45000.0
579,33290.0,21505.0,45000.0
580,33290.0,24045.0,45000.0
581,35387.0,24045.0,45000.0
582,35387.0,23325.0,45000.0
589,35387.0,21505.0,49200.0
590,35387.0,22225.0,49200.0
591,33290.0,21505.0,49200.0
592,33290.0,24045.0,49200.0
593,35387.0,24045.0,49200.0
594,35387.0,23325.0,49200.0
601,35387.0,21505.0,53400.0
602,35387.0,22225.0,53400.0
603,33290.0,21505.0,53400.0
604,33290.0,24045.0,53400.0
605,35387.0,24045.0,53400.0
606,35387.0,23325.0,53400.0
613,35387.0,21505.0,57600.0
614,35387.0,22225.0,57600.0
615,33290.0,21505.0,57600.0
616,33290.0,24045.0,57600.0
617,35387.0,24045.0,57600.0
618,35387.0,23325.0,57600.0
625,35387.0,21505.0,61800.0
626,35387.0,22225.0,61800.0
627,33290.0,21505.0,61800.0
628,33290.0,24045.0,61800.0
629,35387.0,24045.0,61800.0
630,35387.0,23325.0,61800.0
637,35387.0,21505.0,66000.0
638,35387.0,22225.0,66000.0
639,33290.0,21505.0,66000.0
640,33290.0,24045.0,66000.0
641,35387.0,24045.0,66000.0
642,35387.0,23325.0,66000.0
649,35387.0,21505.0,70200.0
650,35387.0,22225.0,70200.0
651,33290.0,21505.0,70200.0
652,33290.0,24045.0,70200.0
653,35387.0,24045.0,70200.0
654,35387.0,23325.0,70200.0
661,35387.0,21505.0,74400.0
662,35387.0,22225.0,74400.0
663,33290.0,21505.0,74400.0
664,33290.0,24045.0,74400.0
665,35387.0,24045.0,74400.0
666,35387.0,23325.0,74400.0
673,35387.0,21505.0,78600.0
674,35387.0,22225.0,78600.0
675,33290.0,21505.0,78600.0
676,33290.0,24045.0,78600.0
677,35387.0,24045.0,78600.0
678,35387.0,23325.0,78600.0
685,35387.0,21505.0,82800.0
686,35387.0,22225.0,82800.0
687,33290.0,21505.0,82800.0
688,33290.0,24045.0,82800.0
689,35387.0,24045.0,82800.0
690,35387.0,23325.0,82800.0
697,35387.0,21505.0,87850.0
698,35387.0,22225.0,87850.0
699,33290.0,21505.0,87850.0
700,33290.0,24045.0,87850.0
701,35387.0,24045.0,87850.0
702,35387.0,23325.0,87850.0
703,39113.0,23325.0,7200.0
704,39113.0,24045.0,7200.0
707,41210.0,24045.0,7200.0
709,41210.0,21505.0,7200.0
711,39113.0,21505.0,7200.0
713,39113.0,22225.0,7200.0
715,39113.0,24045.0,11400.0
716,39113.0,23325.0,11400.0
717,41210.0,24045.0,11400.0
718,41210.0,21505.0,11400.0
719,39113.0,21505.0,11400.0
720,39113.0,22225.0,11400.0
727,39113.0,24045.0,15600.0
728,39113.0,23325.0,15600.0
729,41210.0,24045.0,15600.0
730,41210.0,21505.0,15600.0
731,39113.0,21505.0,15600.0
732,39113.0,22225.0,15600.0
739,39113.0,24045.0,19800.0
740,39113.0,23325.0,19800.0
741,41210.0,24045.0,19800.0
742,41210.0,21505.0,19800.0
743,39113.0,21505.0,19800.0
744,39113.0,22225.0,19800.0
751,39113.0,24045.0,24000.0
752,39113.0,23325.0,24000.0
753,41210.0,24045.0,24000.0
754,41210.0,21505.0,24000.0
755,39113.0,21505.0,24000.0
756,39113.0,22225.0,24000.0
763,39113.0,24045.0,28200.0
764,39113.0,23325.0,28200.0
765,41210.0,24045.0,28200.0
766,41210.0,21505.0,28200.0
767,39113.0,21505.0,28200.0
768,39113.0,22225.0,28200.0
775,39113.0,24045.0,32400.0
776,39113.0,23325.0,32400.0
777,41210.0,24045.0,32400.0
778,41210.0,21505.0,32400.0
779,39113.0,21505.0,32400.0
780,39113.0,22225.0,32400.0
787,39113.0,24045.0,36600.0
788,39113.0,23325.0,36600.0
789,41210.0,24045.0,36600.0
790,41210.0,21505.0,36600.0
791,39113.0,21505.0,36600.0
792,39113.0,22225.0,36600.0
799,39113.0,24045.0,40800.0
800,39113.0,23325.0,40800.0
801,41210.0,24045.0,40800.0
802,41210.0,21505.0,40800.0
803,39113.0,21505.0,40800.0
804,39113.0,22225.0,40800.0
811,39113.0,24045.0,45000.0
812,39113.0,23325.0,45000.0
813,41210.0,24045.0,45000.0
814,41210.0,21505.0,45000.0
815,39113.0,21505.0,45000.0
816,39113.0,22225.0,45000.0
823,39113.0,24045.0,49200.0
824,39113.0,23325.0,49200.0
825,41210.0,24045.0,49200.0
826,41210.0,21505.0,49200.0
827,39113.0,21505.0,49200.0
828,39113.0,22225.0,49200.0
835,39113.0,24045.0,53400.0
836,39113.0,23325.0,53400.0
837,41210.0,24045.0,53400.0
838,41210.0,21505.0,53400.0
839,39113.0,21505.0,53400.0
840,39113.0,22225.0,53400.0
847,39113.0,24045.0,57600.0
848,39113.0,23325.0,57600.0
849,41210.0,24045.0,57600.0
850,41210.0,21505.0,57600.0
851,39113.0,21505.0,57600.0
852,39113.0,22225.0,57600.0
859,39113.0,24045.0,61800.0
860,39113.0,23325.0,61800.0
861,41210.0,24045.0,61800.0
862,41210.0,21505.0,61800.0
863,39113.0,21505.0,61800.0
864,39113.0,22225.0,61800.0
871,39113.0,24045.0,66000.0
872,39113.0,23325.0,66000.0
873,41210.0,24045.0,66000.0
874,41210.0,21505.0,66000.0
875,39113.0,21505.0,66000.0
876,39113.0,22225.0,66000.0
883,39113.0,24045.0,70200.0
884,39113.0,23325.0,70200.0
885,41210.0,24045.0,70200.0
886,41210.0,21505.0,70200.0
887,39113.0,21505.0,70200.0
888,39113.0,22225.0,70200.0
895,39113.0,24045.0,74400.0
896,39113.0,23325.0,74400.0
897,41210.0,24045.0,74400.0
898,41210.0,21505.0,74400.0
899,39113.0,21505.0,74400.0
900,39113.0,22225.0,74400.0
907,39113.0,24045.0,78600.0
908,39113.0,23325.0,78600.0
909,41210.0,24045.0,78600.0
910,41210.0,21505.0,78600.0
911,39113.0,21505.0,78600.0
912,39113.0,22225.0,78600.0
919,39113.0,24045.0,82800.0
920,39113.0,23325.0,82800.0
921,41210.0,24045.0,82800.0
922,41210.0,21505.0,82800.0
923,39113.0,21505.0,82800.0
924,39113.0,22225.0,82800.0
931,39113.0,24045.0,87850.0
932,39113.0,23325.0,87850.0
933,41210.0,24045.0,87850.0
934,41210.0,21505.0,87850.0
935,39113.0,21505.0,87850.0
936,39113.0,22225.0,87850.0
937,39113.0,20325.0,7200.0
938,39113.0,21045.0,7200.0
941,41210.0,21045.0,7200.0
943,41210.0,18505.0,7200.0
945,39113.0,18505.0,7200.0
947,39113.0,19225.0,7200.0
949,39113.0,21045.0,11400.0
950,39113.0,20325.0,11400.0
951,41210.0,21045.0,11400.0
952,41210.0,18505.0,11400.0
953,39113.0,18505.0,11400.0
954,39113.0,19225.0,11400.0
961,39113.0,21045.0,15600.0
962,39113.0,20325.0,15600.0
963,41210.0,21045.0,15600.0
964,41210.0,18505.0,15600.0
965,39113.0,18505.0,15600.0
966,39113.0,19225.0,15600.0
973,39113.0,21045.0,19800.0
974,39113.0,20325.0,19800.0
975,41210.0,21045.0,19800.0
976,41210.0,18505.0,19800.0
977,39113.0,18505.0,19800.0
978,39113.0,19225.0,19800.0
985,39113.0,21045.0,24000.0
986,39113.0,20325.0,24000.0
987,41210.0,21045.0,24000.0
988,41210.0,18505.0,24000.0
989,39113.0,18505.0,24000.0
990,39113.0,19225.0,24000.0
997,39113.0,21045.0,28200.0
998,39113.0,20325.0,28200.0
999,41210.0,21045.0,28200.0
1000,41210.0,18505.0,28200.0
1001,39113.0,18505.0,28200.0
1002,39113.0,19225.0,28200.0
1009,39113.0,21045.0,32400.0
1010,39113.0,20325.0,32400.0
1011,41210.0,21045.0,32400.0
1012,41210.0,18505.0,32400.0
1013,39113.0,18505.0,32400.0
1014,39113.0,19225.0,32400.0
1021,39113.0,21045.0,36600.0
1022,39113.0,20325.0,36600.0
1023,41210.0,21045.0,36600.0
1024,41210.0,18505.0,36600.0
1025,39113.0,18505.0,36600.0
1026,39113.0,19225.0,36600.0
1033,39113.0,21045.0,40800.0
1034,39113.0,20325.0,40800.0
1035,41210.0,21045.0,40800.0
1036,41210.0,18505.0,40800.0
1037,39113.0,18505.0,40800.0
1038,39113.0,19225.0,40800.0
1045,39113.0,21045.0,45000.0
1046,39113.0,20325.0,45000.0
1047,41210.0,21045.0,45000.0
1048,41210.0,18505.0,45000.0
1049,39113.0,18505.0,45000.0
1050,39113.0,19225.0,45000.0
1057,39113.0,21045.0,49200.0
1058,39113.0,20325.0,49200.0
1059,41210.0,21045.0,49200.0
1060,41210.0,18505.0,49200.0
1061,39113.0,18505.0,49200.0
1062,39113.0,19225.0,49200.0
1069,39113.0,21045.0,53400.0
1070,39113.0,20325.0,53400.0
1071,41210.0,21045.0,53400.0
1072,41210.0,18505.0,53400.0
1073,39113.0,18505.0,53400.0
1074,39113.0,19225.0,53400.0
1081,39113.0,21045.0,57600.0
1082,39113.0,20325.0,57600.0
1083,41210.0,21045.0,57600.0
1084,41210.0,18505.0,57600.0
1085,39113.0,18505.0,57600.0
1086,39113.0,19225.0,57600.0
1093,39113.0,21045.0,61800.0
1094,39113.0,20325.0,61800.0
1095,41210.0,21045.0,61800.0
1096,41210.0,18505.0,61800.0
1097,39113.0,18505.0,61800.0
1098,39113.0,19225.0,61800.0
1105,39113.0,21045.0,66000.0
1106,39113.0,20325.0,66000.0
1107,41210.0,21045.0,66000.0
1108,41210.0,18505.0,66000.0
1109,39113.0,18505.0,66000.0
1110,39113.0,19225.0,66000.0
1117,39113.0,21045.0,70200.0
1118,39113.0,20325.0,70200.0
1119,41210.0,21045.0,70200.0
1120,41210.0,18505.0,70200.0
1121,39113.0,18505.0,70200.0
1122,39113.0,19225.0,70200.0
1129,39113.0,21045.0,74400.0
1130,39113.0,20325.0,74400.0
1131,41210.0,21045.0,74400.0
1132,41210.0,18505.0,74400.0
1133,39113.0,18505.0,74400.0
1134,39113.0,19225.0,74400.0
1141,39113.0,21045.0,78600.0
1142,39113.0,20325.0,78600.0
1143,41210.0,21045.0,78600.0
1144,41210.0,18505.0,78600.0
1145,39113.0,18505.0,78600.0
1146,39113.0,19225.0,78600.0
1153,39113.0,21045.0,82800.0
1154,39113.0,20325.0,82800.0
1155,41210.0,21045.0,82800.0
1156,41210.0,18505.0,82800.0
1157,39113.0,18505.0,82800.0
1158,39113.0,19225.0,82800.0
1165,39113.0,21045.0,87850.0
1166,39113.0,20325.0,87850.0
1167,41210.0,21045.0,87850.0
1168,41210.0,18505.0,87850.0
1169,39113.0,18505.0,87850.0
1170,39113.0,19225.0,87850.0
1171,39113.0,17325.0,7200.0
1172,39113.0,18045.0,7200.0
1175,41210.0,18045.0,7200.0
1177,41210.0,15505.0,7200.0
1179,39113.0,15505.0,7200.0
1181,39113.0,16225.0,7200.0
1183,39113.0,18045.0,11400.0
1184,39113.0,17325.0,11400.0
1185,41210.0,18045.0,11400.0
1186,41210.0,15505.0,11400.0
1187,39113.0,15505.0,11400.0
1188,39113.0,16225.0,11400.0
1195,39113.0,18045.0,15600.0
1196,39113.0,17325.0,15600.0
1197,41210.0,18045.0,15600.0
1198,41210.0,15505.0,15600.0
1199,39113.0,15505.0,15600.0
1200,39113.0,16225.0,15600.0
1207,39113.0,18045.0,19800.0
1208,39113.0,17325.0,19800.0
1209,41210.0,18045.0,19800.0
1210,41210.0,15505.0,19800.0
1211,39113.0,15505.0,19800.0
1212,39113.0,16225.0,19800.0
1219,39113.0,18045.0,24000.0
1220,39113.0,17325.0,24000.0
1221,41210.0,18045.0,24000.0
1222,41210.0,15505.0,24000.0
1223,39113.0,15505.0,24000.0
1224,39113.0,16225.0,24000.0
1231,39113.0,18045.0,28200.0
1232,39113.0,17325.0,28200.0
1233,41210.0,18045.0,28200.0
1234,41210.0,15505.0,28200.0
1235,39113.0,15505.0,28200.0
1236,39113.0,16225.0,28200.0
1243,39113.0,18045.0,32400.0
1244,39113.0,17325.0,32400.0
1245,41210.0,18045.0,32400.0
1246,41210.0,15505.0,32400.0
1247,39113.0,15505.0,32400.0
1248,39113.0,16225.0,32400.0
1255,39113.0,18045.0,36600.0
1256,39113.0,17325.0,36600.0
1257,41210.0,18045.0,36600.0
1258,41210.0,15505.0,36600.0
1259,39113.0,15505.0,36600.0
1260,39113.0,16225.0,36600.0
1267,39113.0,18045.0,40800.0
1268,39113.0,17325.0,40800.0
1269,41210.0,18045.0,40800.0
1270,41210.0,15505.0,40800.0
1271,39113.0,15505.0,40800.0
1272,39113.0,16225.0,40800.0
1279,39113.0,18045.0,45000.0
1280,39113.0,17325.0,45000.0
1281,41210.0,18045.0,45000.0
1282,41210.0,15505.0,45000.0
1283,39113.0,15505.0,45000.0
1284,39113.0,16225.0,45000.0
1291,39113.0,18045.0,49200.0
1292,39113.0,17325.0,49200.0
1293,41210.0,18045.0,49200.0
1294,41210.0,15505.0,49200.0
1295,39113.0,15505.0,49200.0
1296,39113.0,16225.0,49200.0
1303,39113.0,18045.0,53400.0
1304,39113.0,17325.0,53400.0
1305,41210.0,18045.0,53400.0
1306,41210.0,15505.0,53400.0
1307,39113.0,15505.0,53400.0
1308,39113.0,16225.0,53400.0
1315,39113.0,18045.0,57600.0
1316,39113.0,17325.0,57600.0
1317,41210.0,18045.0,57600.0
1318,41210.0,15505.0,57600.0
1319,39113.0,15505.0,57600.0
1320,39113.0,16225.0,57600.0
1327,39113.0,18045.0,61800.0
1328,39113.0,17325.0,61800.0
1329,41210.0,18045.0,61800.0
1330,41210.0,15505.0,61800.0
1331,39113.0,15505.0,61800.0
1332,39113.0,16225.0,61800.0
1339,39113.0,18045.0,66000.0
1340,39113.0,17325.0,66000.0
1341,41210.0,18045.0,66000.0
1342,41210.0,15505.0,66000.0
1343,39113.0,15505.0,66000.0
1344,39113.0,16225.0,66000.0
1351,39113.0,18045.0,70200.0
1352,39113.0,17325.0,70200.0
1353,41210.0,18045.0,70200.0
1354,41210.0,15505.0,70200.0
1355,39113.0,15505.0,70200.0
1356,39113.0,16225.0,70200.0
1363,39113.0,18045.0,74400.0
1364,39113.0,17325.0,74400.0
1365,41210.0,18045.0,74400.0
1366,41210.0,15505.0,74400.0
1367,39113.0,15505.0,74400.0
1368,39113.0,16225.0,74400.0
1375,39113.0,18045.0,78600.0
1376,39113.0,17325.0,78600.0
1377,41210.0,18045.0,78600.0
1378,41210.0,15505.0,78600.0
1379,39113.0,15505.0,78600.0
1380,39113.0,16225.0,78600.0
1387,39113.0,18045.0,82800.0
1388,39113.0,17325.0,82800.0
1389,41210.0,18045.0,82800.0
1390,41210.0,15505.0,82800.0
1391,39113.0,15505.0,82800.0
1392,39113.0,16225.0,82800.0
1399,39113.0,18045.0,87850.0
1400,39113.0,17325.0,87850.0
1401,41210.0,18045.0,87850.0
1402,41210.0,15505.0,87850.0
1403,39113.0,15505.0,87850.0
1404,39113.0,16225.0,87850.0
1417,35362.0,15530.0,7200.0
1418,35362.0,16250.0,7200.0
1419,33265.0,15530.0,7200.0
1420,33265.0,18070.0,7200.0
1421,35362.0,18070.0,7200.0
1422,35362.0,17350.0,7200.0
1435,35362.0,18530.0,7200.0
1436,35362.0,19250.0,7200.0
1437,33265.0,18530.0,7200.0
1438,33265.0,21070.0,7200.0
1439,35362.0,21070.0,7200.0
1440,35362.0,20350.0,7200.0
1453,35362.0,21530.0,7200.0
1454,35362.0,22250.0,7200.0
1455,33265.0,21530.0,7200.0
1456,33265.0,24070.0,7200.0
1457,35362.0,24070.0,7200.0
1458,35362.0,23350.0,7200.0
1471,39138.0,24070.0,7200.0
1472,39138.0,23350.0,7200.0
1473,41235.0,24070.0,7200.0
1474,41235.0,21530.0,7200.0
1475,39138.0,21530.0,7200.0
1476,39138.0,22250.0,7200.0
1489,39138.0,21070.0,7200.0
1490,39138.0,20350.0,7200.0
1491,41235.0,21070.0,7200.0
1492,41235.0,18530.0,7200.0
1493,39138.0,18530.0,7200.0
1494,39138.0,19250.0,7200.0
1507,39138.0,18070.0,7200.0
1508,39138.0,17350.0,7200.0
1509,41235.0,18070.0,7200.0
1510,41235.0,15530.0,7200.0
1511,39138.0,15530.0,7200.0
1512,39138.0,16250.0,7200.0
1513,59750.0,25200.0,11400.0
1514,59750.0,33600.0,11400.0
1515,23750.0,14400.0,7200.0
1516,23750.0,14400.0,11400.0
1517,23750.0,25200.0,7200.0
1518,23750.0,25200.0,11400.0
1519,32750.0,25200.0,7200.0
1520,32750.0,25200.0,11400.0
1521,41750.0,25200.0,7200.0
1522,41750.0,25200.0,11400.0
1523,50750.0,25200.0,7200.0
1524,50750.0,25200.0,11400.0
1525,50750.0,14400.0,7200.0
1526,50750.0,14400.0,11400.0
1527,41750.0,14400.0,7200.0
1528,41750.0,14400.0,11400.0
1529,32750.0,14400.0,7200.0
1530,32750.0,14400.0,11400.0
1531,14750.0,25200.0,7200.0
1532,14750.0,25200.0,11400.0
1533,14750.0,14400.0,7200.0
1534,14750.0,14400.0,11400.0
1535,14750.0,6000.0,7200.0
1536,14750.0,6000.0,11400.0
1537,14750.0,33600.0,7200.0
1538,14750.0,33600.0,11400.0
1539,59750.0,33600.0,7200.0
1540,59750.0,25200.0,7200.0
1541,59750.0,14400.0,7200.0
1542,59750.0,14400.0,11400.0
1543,59750.0,6000.0,7200.0
1544,59750.0,6000.0,11400.0
1545,14750.0,33600.0,15600.0
1546,14750.0,33600.0,19800.0
1547,14750.0,25200.0,15600.0
1548,14750.0,25200.0,19800.0
1549,14750.0,14400.0,15600.0
1550,14750.0,14400.0,19800.0
1551,14750.0,6000.0,15600.0
1552,14750.0,6000.0,19800.0
1553,59750.0,6000.0,15600.0
1554,59750.0,6000.0,19800.0
1555,59750.0,14400.0,15600.0
1556,59750.0,14400.0,19800.0
1557,59750.0,25200.0,15600.0
1558,59750.0,25200.0,19800.0
1559,59750.0,33600.0,15600.0
1560,59750.0,33600.0,19800.0
1561,23750.0,25200.0,15600.0
1562,23750.0,25200.0,19800.0
1563,32750.0,25200.0,15600.0
1564,32750.0,25200.0,19800.0
1565,41750.0,25200.0,15600.0
1566,41750.0,25200.0,19800.0
1567,50750.0,25200.0,15600.0
1568,50750.0,25200.0,19800.0
1569,23750.0,14400.0,15600.0
1570,23750.0,14400.0,19800.0
1571,32750.0,14400.0,15600.0
1572,32750.0,14400.0,19800.0
1573,41750.0,14400.0,15600.0
1574,41750.0,14400.0,19800.0
1575,50750.0,14400.0,15600.0
1576,50750.0,14400.0,19800.0
1577,14750.0,33600.0,24000.0
1578,14750.0,25200.0,24000.0
1579,14750.0,14400.0,24000.0
1580,14750.0,6000.0,24000.0
1581,59750.0,6000.0,24000.0
1582,59750.0,14400.0,24000.0
1583,59750.0,25200.0,24000.0
1584,59750.0,33600.0,24000.0
1585,23750.0,25200.0,24000.0
1586,32750.0,25200.0,24000.0
1587,41750.0,25200.0,24000.0
1588,50750.0,25200.0,24000.0
1589,23750.0,14400.0,24000.0
1590,32750.0,14400.0,24000.0
1591,41750.0,14400.0,24000.0
1592,50750.0,14400.0,24000.0
1593,14750.0,25200.0,28200.0
1594,14750.0,14400.0,28200.0
1595,14750.0,33600.0,28200.0
1596,59750.0,33600.0,28200.0
1597,59750.0,25200.0,28200.0
1598,59750.0,14400.0,28200.0
1599,59750.0,6000.0,28200.0
1600,14750.0,6000.0,28200.0
1601,23750.0,25200.0,28200.0
1602,32750.0,25200.0,28200.0
1603,41750.0,25200.0,28200.0
1604,50750.0,25200.0,28200.0
1605,50750.0,14400.0,28200.0
1606,41750.0,14400.0,28200.0
1607,32750.0,14400.0,28200.0
1608,23750.0,14400.0,28200.0
1609,14750.0,25200.0,32400.0
1610,14750.0,14400.0,32400.0
1611,14750.0,33600.0,32400.0
1612,59750.0,33600.0,32400.0
1613,59750.0,25200.0,32400.0
1614,59750.0,14400.0,32400.0
1615,59750.0,6000.0,32400.0
1616,14750.0,6000.0,32400.0
1617,23750.0,25200.0,32400.0
1618,32750.0,25200.0,32400.0
1619,41750.0,25200.0,32400.0
1620,50750.0,25200.0,32400.0
1621,50750.0,14400.0,32400.0
1622,41750.0,14400.0,32400.0
1623,32750.0,14400.0,32400.0
1624,23750.0,14400.0,32400.0
1625,14750.0,25200.0,36600.0
1626,14750.0,14400.0,36600.0
1627,14750.0,33600.0,36600.0
1628,59750.0,33600.0,36600.0
1629,59750.0,25200.0,36600.0
1630,59750.0,14400.0,36600.0
1631,59750.0,6000.0,36600.0
1632,14750.0,6000.0,36600.0
1633,23750.0,25200.0,36600.0
1634,32750.0,25200.0,36600.0
1635,41750.0,25200.0,36600.0
1636,50750.0,25200.0,36600.0
1637,50750.0,14400.0,36600.0
1638,41750.0,14400.0,36600.0
1639,32750.0,14400.0,36600.0
1640,23750.0,14400.0,36600.0
1641,14750.0,25200.0,40800.0
1642,14750.0,33600.0,40800.0
1643,59750.0,33600.0,40800.0
1644,59750.0,25200.0,40800.0
1645,59750.0,14400.0,40800.0
1646,59750.0,6000.0,40800.0
1647,14750.0,6000.0,40800.0
1648,14750.0,14400.0,40800.0
1649,23750.0,25200.0,40800.0
1650,32750.0,25200.0,40800.0
1651,41750.0,25200.0,40800.0
1652,50750.0,25200.0,40800.0
1653,23750.0,14400.0,40800.0
1654,32750.0,14400.0,40800.0
1655,41750.0,14400.0,40800.0
1656,50750.0,14400.0,40800.0
1657,14750.0,25200.0,45000.0
1658,14750.0,33600.0,45000.0
1659,59750.0,33600.0,45000.0
1660,59750.0,25200.0,45000.0
1661,59750.0,14400.0,45000.0
1662,59750.0,6000.0,45000.0
1663,14750.0,6000.0,45000.0
1664,14750.0,14400.0,45000.0
1665,23750.0,25200.0,45000.0
1666,32750.0,25200.0,45000.0
1667,41750.0,25200.0,45000.0
1668,50750.0,25200.0,45000.0
1669,23750.0,14400.0,45000.0
1670,32750.0,14400.0,45000.0
1671,41750.0,14400.0,45000.0
1672,50750.0,14400.0,45000.0
1673,14750.0,25200.0,49200.0
1674,14750.0,33600.0,49200.0
1675,59750.0,33600.0,49200.0
1676,59750.0,25200.0,49200.0
1677,59750.0,14400.0,49200.0
1678,59750.0,6000.0,49200.0
1679,14750.0,6000.0,49200.0
1680,14750.0,14400.0,49200.0
1681,23750.0,25200.0,49200.0
1682,32750.0,25200.0,49200.0
1683,41750.0,25200.0,49200.0
1684,50750.0,25200.0,49200.0
1685,23750.0,14400.0,49200.0
1686,32750.0,14400.0,49200.0
1687,41750.0,14400.0,49200.0
1688,50750.0,14400.0,49200.0
1689,23750.0,25200.0,53400.0
1690,32750.0,25200.0,53400.0
1691,41750.0,25200.0,53400.0
1692,50750.0,25200.0,53400.0
1693,50750.0,14400.0,53400.0
1694,41750.0,14400.0,53400.0
1695,32750.0,14400.0,53400.0
1696,23750.0,14400.0,53400.0
1697,14750.0,33600.0,53400.0
1698,14750.0,25200.0,53400.0
1699,14750.0,14400.0,53400.0
1700,14750.0,6000.0,53400.0
1701,59750.0,6000.0,53400.0
1702,59750.0,14400.0,53400.0
1703,59750.0,25200.0,53400.0
1704,59750.0,33600.0,53400.0
1705,14750.0,33600.0,57600.0
1706,14750.0,25200.0,57600.0
1707,14750.0,14400.0,57600.0
1708,14750.0,6000.0,57600.0
1709,59750.0,6000.0,57600.0
1710,59750.0,14400.0,57600.0
1711,59750.0,25200.0,57600.0
1712,59750.0,33600.0,57600.0
1713,14750.0,33600.0,61800.0
1714,14750.0,25200.0,61800.0
1715,14750.0,14400.0,61800.0
1716,14750.0,6000.0,61800.0
1717,59750.0,6000.0,61800.0
1718,59750.0,14400.0,61800.0
1719,59750.0,25200.0,61800.0
1720,59750.0,33600.0,61800.0
1721,14750.0,33600.0,66000.0
1722,14750.0,25200.0,66000.0
1723,14750.0,14400.0,66000.0
1724,14750.0,6000.0,66000.0
1725,59750.0,6000.0,66000.0
1726,59750.0,14400.0,66000.0
1727,59750.0,25200.0,66000.0
1728,59750.0,33600.0,66000.0
1729,23750.0,25200.0,57600.0
1730,32750.0,25200.0,57600.0
1731,41750.0,25200.0,57600.0
1732,50750.0,25200.0,57600.0
1733,50750.0,14400.0,57600.0
1734,41750.0,14400.0,57600.0
1735,32750.0,14400.0,57600.0
1736,23750.0,14400.0,57600.0
1737,23750.0,25200.0,61800.0
1738,32750.0,25200.0,61800.0
1739,41750.0,25200.0,61800.0
1740,50750.0,25200.0,61800.0
1741,50750.0,14400.0,61800.0
1742,41750.0,14400.0,61800.0
1743,32750.0,14400.0,61800.0
1744,23750.0,14400.0,61800.0
1745,23750.0,25200.0,66000.0
1746,32750.0,25200.0,66000.0
1747,41750.0,25200.0,66000.0
1748,50750.0,25200.0,66000.0
1749,50750.0,14400.0,66000.0
1750,41750.0,14400.0,66000.0
1751,23750.0,14400.0,66000.0
1752,32750.0,14400.0,66000.0
1753,14750.0,25200.0,70200.0
1754,14750.0,33600.0,70200.0
1755,59750.0,33600.0,70200.0
1756,59750.0,25200.0,70200.0
1757,59750.0,14400.0,70200.0
1758,59750.0,6000.0,70200.0
1759,14750.0,6000.0,70200.0
1760,14750.0,14400.0,70200.0
1761,14750.0,25200.0,74400.0
1762,14750.0,33600.0,74400.0
1763,59750.0,33600.0,74400.0
1764,59750.0,25200.0,74400.0
1765,59750.0,14400.0,74400.0
1766,59750.0,6000.0,74400.0
1767,14750.0,6000.0,74400.0
1768,14750.0,14400.0,74400.0
1769,14750.0,25200.0,78600.0
1770,14750.0,33600.0,78600.0
1771,59750.0,33600.0,78600.0
1772,59750.0,25200.0,78600.0
1773,59750.0,14400.0,78600.0
1774,59750.0,6000.0,78600.0
1775,14750.0,6000.0,78600.0
1776,14750.0,14400.0,78600.0
1777,14750.0,25200.0,82800.0
1778,14750.0,33600.0,82800.0
1779,59750.0,33600.0,82800.0
1780,59750.0,25200.0,82800.0
1781,59750.0,14400.0,82800.0
1782,59750.0,6000.0,82800.0
1783,14750.0,6000.0,82800.0
1784,14750.0,14400.0,82800.0
1785,14750.0,25200.0,87850.0
1786,14750.0,33600.0,87850.0
1787,59750.0,33600.0,87850.0
1788,59750.0,25200.0,87850.0
1789,59750.0,14400.0,87850.0
1790,59750.0,6000.0,87850.0
1791,14750.0,6000.0,87850.0
1792,14750.0,14400.0,87850.0
1793,23750.0,25200.0,70200.0
1794,32750.0,25200.0,70200.0
1795,41750.0,25200.0,70200.0
1796,50750.0,25200.0,70200.0
1797,50750.0,14400.0,70200.0
1798,41750.0,14400.0,70200.0
1799,32750.0,14400.0,70200.0
1800,23750.0,14400.0,70200.0
1801,23750.0,25200.0,74400.0
1802,32750.0,25200.0,74400.0
1803,41750.0,25200.0,74400.0
1804,50750.0,25200.0,74400.0
1805,50750.0,14400.0,74400.0
1806,32750.0,14400.0,74400.0
1807,23750.0,14400.0,74400.0
1808,41750.0,14400.0,74400.0
1809,23750.0,25200.0,78600.0
1810,32750.0,25200.0,78600.0
1811,41750.0,25200.0,78600.0
1812,50750.0,25200.0,78600.0
1813,50750.0,14400.0,78600.0
1814,32750.0,14400.0,78600.0
1815,23750.0,14400.0,78600.0
1816,41750.0,14400.0,78600.0
1817,23750.0,25200.0,82800.0
1818,32750.0,25200.0,82800.0
1819,41750.0,25200.0,82800.0
1820,50750.0,25200.0,82800.0
1821,50750.0,14400.0,82800.0
1822,41750.0,14400.0,82800.0
1823,32750.0,14400.0,82800.0
1824,23750.0,14400.0,82800.0
1825,23750.0,25200.0,87850.0
1826,32750.0,25200.0,87850.0
1827,32750.0,14400.0,87850.0
1828,23750.0,14400.0,87850.0
1844,23750.0,6000.0,11400.0
1845,23750.0,6000.0,87850.0
1846,23750.0,6000.0,82800.0
1847,23750.0,6000.0,78600.0
1848,23750.0,6000.0,74400.0
1849,23750.0,6000.0,70200.0
1850,23750.0,6000.0,66000.0
1851,23750.0,6000.0,61800.0
1852,23750.0,6000.0,57600.0
1853,23750.0,6000.0,53400.0
1854,23750.0,6000.0,49200.0
1855,23750.0,6000.0,45000.0
1856,23750.0,6000.0,40800.0
1857,23750.0,6000.0,36600.0
1858,23750.0,6000.0,32400.0
1859,23750.0,6000.0,28200.0
1860,23750.0,6000.0,24000.0
1861,23750.0,6000.0,19800.0
1862,23750.0,6000.0,15600.0
1863,41750.0,14400.0,87850.0
1864,41750.0,25200.0,87850.0
1865,50750.0,25200.0,87850.0
1866,50750.0,14400.0,87850.0
1867,23750.0,33600.0,11400.0
1868,23750.0,33600.0,87850.0
1869,23750.0,33600.0,82800.0
1870,23750.0,33600.0,78600.0
1871,23750.0,33600.0,74400.0
1872,23750.0,33600.0,70200.0
1873,23750.0,33600.0,66000.0
1874,23750.0,33600.0,61800.0
1875,23750.0,33600.0,57600.0
1876,23750.0,33600.0,53400.0
1877,23750.0,33600.0,49200.0
1878,23750.0,33600.0,45000.0
1879,23750.0,33600.0,40800.0
1880,23750.0,33600.0,36600.0
1881,23750.0,33600.0,32400.0
1882,23750.0,33600.0,28200.0
1883,23750.0,33600.0,24000.0
1884,23750.0,33600.0,19800.0
1885,23750.0,33600.0,15600.0
1886,23750.0,33600.0,7200.0
1887,32750.0,33600.0,7200.0
1888,41750.0,33600.0,7200.0
1889,50750.0,33600.0,7200.0
1890,41750.0,6000.0,7200.0
1891,50750.0,6000.0,7200.0
1892,32750.0,6000.0,7200.0
1893,23750.0,6000.0,7200.0
1894,50750.0,33600.0,87850.0
1895,41750.0,33600.0,87850.0
1896,32750.0,33600.0,87850.0
1897,32750.0,6000.0,87850.0
1898,41750.0,6000.0,87850.0
1899,50750.0,6000.0,87850.0
1924,32750.0,33600.0,11400.0
1925,32750.0,33600.0,82800.0
1926,32750.0,33600.0,78600.0
1927,32750.0,33600.0,74400.0
1928,32750.0,33600.0,70200.0
1929,32750.0,33600.0,66000.0
1930,32750.0,33600.0,61800.0
1931,32750.0,33600.0,57600.0
1932,32750.0,33600.0,53400.0
1933,32750.0,33600.0,49200.0
1934,32750.0,33600.0,45000.0
1935,32750.0,33600.0,40800.0
1936,32750.0,33600.0,36600.0
1937,32750.0,33600.0,32400.0
1938,32750.0,33600.0,28200.0
1939,32750.0,33600.0,24000.0
1940,32750.0,33600.0,19800.0
1941,32750.0,33600.0,15600.0
1942,41750.0,33600.0,11400.0
1943,41750.0,33600.0,82800.0
1944,41750.0,33600.0,78600.0
1945,41750.0,33600.0,74400.0
1946,41750.0,33600.0,70200.0
1947,41750.0,33600.0,66000.0
1948,41750.0,33600.0,61800.0
1949,41750.0,33600.0,57600.0
1950,41750.0,33600.0,53400.0
1951,41750.0,33600.0,49200.0
1952,41750.0,33600.0,45000.0
1953,41750.0,33600.0,40800.0
1954,41750.0,33600.0,36600.0
1955,41750.0,33600.0,32400.0
1956,41750.0,33600.0,28200.0
1957,41750.0,33600.0,24000.0
1958,41750.0,33600.0,19800.0
1959,41750.0,33600.0,15600.0
1960,50750.0,33600.0,11400.0
1961,50750.0,33600.0,82800.0
1962,50750.0,33600.0,78600.0
1963,50750.0,33600.0,74400.0
1964,50750.0,33600.0,70200.0
1965,50750.0,33600.0,66000.0
1966,50750.0,33600.0,61800.0
1967,50750.0,33600.0,57600.0
1968,50750.0,33600.0,53400.0
1969,50750.0,33600.0,49200.0
1970,50750.0,33600.0,45000.0
1971,50750.0,33600.0,40800.0
1972,50750.0,33600.0,36600.0
1973,50750.0,33600.0,32400.0
1974,50750.0,33600.0,28200.0
1975,50750.0,33600.0,24000.0
1976,50750.0,33600.0,19800.0
1977,50750.0,33600.0,15600.0
1978,50750.0,6000.0,11400.0
1979,50750.0,6000.0,82800.0
1980,50750.0,6000.0,78600.0
1981,50750.0,6000.0,74400.0
1982,50750.0,6000.0,70200.0
1983,50750.0,6000.0,66000.0
1984,50750.0,6000.0,61800.0
1985,50750.0,6000.0,57600.0
1986,50750.0,6000.0,53400.0
1987,50750.0,6000.0,49200.0
1988,50750.0,6000.0,45000.0
1989,50750.0,6000.0,40800.0
1990,50750.0,6000.0,36600.0
1991,50750.0,6000.0,32400.0
1992,50750.0,6000.0,28200.0
1993,50750.0,6000.0,24000.0
1994,50750.0,6000.0,19800.0
1995,50750.0,6000.0,15600.0
1996,32750.0,6000.0,11400.0
1997,32750.0,6000.0,82800.0
1998,32750.0,6000.0,78600.0
1999,32750.0,6000.0,74400.0
2000,32750.0,6000.0,70200.0
2001,32750.0,6000.0,66000.0
2002,32750.0,6000.0,61800.0
2003,32750.0,6000.0,57600.0
2004,32750.0,6000.0,53400.0
2005,32750.0,6000.0,49200.0
2006,32750.0,6000.0,45000.0
2007,32750.0,6000.0,40800.0
2008,32750.0,6000.0,36600.0
2009,32750.0,6000.0,32400.0
2010,32750.0,6000.0,28200.0
2011,32750.0,6000.0,24000.0
2012,32750.0,6000.0,19800.0
2013,32750.0,6000.0,15600.0
2014,41750.0,6000.0,11400.0
2015,41750.0,6000.0,82800.0
2016,41750.0,6000.0,78600.0
2017,41750.0,6000.0,74400.0
2018,41750.0,6000.0,70200.0
2019,41750.0,6000.0,66000.0
2020,41750.0,6000.0,61800.0
2021,41750.0,6000.0,57600.0
2022,41750.0,6000.0,53400.0
2023,41750.0,6000.0,49200.0
2024,41750.0,6000.0,45000.0
2025,41750.0,6000.0,40800.0
2026,41750.0,6000.0,36600.0
2027,41750.0,6000.0,32400.0
2028,41750.0,6000.0,28200.0
2029,41750.0,6000.0,24000.0
2030,41750.0,6000.0,19800.0
2031,41750.0,6000.0,15600.0
2040,48630.0,14400.0,7200.0
2041,48630.0,25200.0,7200.0
2042,48630.0,25200.0,11400.0
2043,48630.0,14400.0,11400.0
2044,48630.0,14400.0,78600.0
2045,48630.0,25200.0,78600.0
2046,48630.0,25200.0,82800.0
2047,48630.0,14400.0,82800.0
2048,48630.0,14400.0,74400.0
2049,48630.0,25200.0,74400.0
2050,48630.0,14400.0,70200.0
2051,48630.0,25200.0,70200.0
2052,48630.0,14400.0,66000.0
2053,48630.0,25200.0,66000.0
2054,48630.0,14400.0,61800.0
2055,48630.0,25200.0,61800.0
2056,48630.0,14400.0,57600.0
2057,48630.0,25200.0,57600.0
2058,48630.0,14400.0,53400.0
2059,48630.0,25200.0,53400.0
2060,48630.0,14400.0,49200.0
2061,48630.0,25200.0,49200.0
2062,48630.0,14400.0,45000.0
2063,48630.0,25200.0,45000.0
2064,48630.0,14400.0,40800.0
2065,48630.0,25200.0,40800.0
2066,48630.0,14400.0,36600.0
2067,48630.0,25200.0,36600.0
2068,48630.0,14400.0,32400.0
2069,48630.0,25200.0,32400.0
2070,48630.0,14400.0,28200.0
2071,48630.0,25200.0,28200.0
2072,48630.0,14400.0,24000.0
2073,48630.0,25200.0,24000.0
2074,48630.0,14400.0,19800.0
2075,48630.0,25200.0,19800.0
2076,48630.0,14400.0,15600.0
2077,48630.0,25200.0,15600.0
2078,29515.0,25200.0,82800.0
2079,29515.0,14400.0,82800.0
2080,29515.0,14400.0,87850.0
2081,29515.0,25200.0,87850.0
2082,25870.0,25200.0,82800.0
2083,25870.0,17200.0,82800.0
2084,25870.0,17200.0,87850.0
2085,25870.0,25200.0,87850.0
2086,25900.0,19300.0,82800.0
2087,29500.0,19300.0,82800.0
2088,29500.0,19300.0,87850.0
2089,25900.0,19300.0,87850.0
2090,23750.0,20700.0,82800.0
2091,25870.0,20700.0,82800.0
2092,25870.0,20700.0,87850.0
2093,23750.0,20700.0,87850.0
2094,23750.0,17200.0,82800.0
2095,29515.0,17200.0,82800.0
2096,29515.0,17200.0,87850.0
2097,23750.0,17200.0,87850.0
2098,29525.0,16775.0,82800.0
2099,32750.0,16770.0,82800.0
2100,32750.0,16770.0,87850.0
2101,29525.0,16775.0,87850.0
2102,26530.0,14400.0,82800.0
2103,26530.0,17200.0,82800.0
2104,26530.0,17200.0,87850.0
2105,26530.0,14400.0,87850.0
2106,44985.0,25200.0,82800.0
2107,44985.0,14400.0,82800.0
2108,44985.0,14400.0,87850.0
2109,44985.0,25200.0,87850.0
2110,48630.0,14400.0,87850.0
2111,48630.0,25200.0,87850.0
2112,44985.0,20500.0,82800.0
2113,50750.0,20500.0,82800.0
2114,50750.0,20500.0,87850.0
2115,44985.0,20500.0,87850.0
2116,41750.0,22850.0,82800.0
2117,44950.0,22850.0,82800.0
2118,44950.0,22850.0,87850.0
2119,41750.0,22850.0,87850.0
2120,29515.0,25200.0,7200.0
2121,29515.0,14400.0,7200.0
2122,29515.0,14400.0,11400.0
2123,29515.0,25200.0,11400.0
2124,35300.0,14400.0,82800.0
2125,35300.0,14400.0,87850.0
2126,35300.0,25200.0,82800.0
2127,35300.0,25200.0,87850.0
2128,39200.0,25200.0,82800.0
2129,39200.0,25200.0,87850.0
2130,39200.0,14400.0,82800.0
2131,39200.0,14400.0,87850.0
2132,35300.0,25200.0,7200.0
2133,35300.0,14400.0,7200.0
2134,35300.0,14400.0,11400.0
2135,39200.0,25200.0,7200.0
2136,39200.0,25200.0,11400.0
2137,41750.0,22870.0,11400.0
2138,44975.0,22870.0,11400.0
2139,44975.0,22870.0,15600.0
2140,41750.0,22870.0,15600.0
2141,41750.0,22870.0,78600.0
2142,44975.0,22870.0,78600.0
2143,44975.0,22870.0,82800.0
2144,41750.0,22870.0,82800.0
2145,41750.0,22870.0,74400.0
2146,44975.0,22870.0,74400.0
2147,41750.0,22870.0,70200.0
2148,44975.0,22870.0,70200.0
2149,41750.0,22870.0,66000.0
2150,44975.0,22870.0,66000.0
2151,41750.0,22870.0,61800.0
2152,44975.0,22870.0,61800.0
2153,41750.0,22870.0,57600.0
2154,44975.0,22870.0,57600.0
2155,41750.0,22870.0,53400.0
2156,44975.0,22870.0,53400.0
2157,41750.0,22870.0,49200.0
2158,44975.0,22870.0,49200.0
2159,41750.0,22870.0,45000.0
2160,44975.0,22870.0,45000.0
2161,41750.0,22870.0,40800.0
2162,44975.0,22870.0,40800.0
2163,41750.0,22870.0,36600.0
2164,44975.0,22870.0,36600.0
2165,41750.0,22870.0,32400.0
2166,44975.0,22870.0,32400.0
2167,41750.0,22870.0,28200.0
2168,44975.0,22870.0,28200.0
2169,41750.0,22870.0,24000.0
2170,44975.0,22870.0,24000.0
2171,41750.0,22870.0,19800.0
2172,44975.0,22870.0,19800.0
2173,50750.0,20500.0,11400.0
2174,44985.0,20500.0,11400.0
2175,45000.0,20500.0,15600.0
2176,50750.0,20500.0,15600.0
2177,50750.0,20500.0,78600.0
2178,45000.0,20500.0,78600.0
2179,50750.0,20500.0,74400.0
2180,45000.0,20500.0,74400.0
2181,50750.0,20500.0,70200.0
2182,45000.0,20500.0,70200.0
2183,50750.0,20500.0,66000.0
2184,45000.0,20500.0,66000.0
2185,50750.0,20500.0,61800.0
2186,45000.0,20500.0,61800.0
2187,50750.0,20500.0,57600.0
2188,45000.0,20500.0,57600.0
2189,50750.0,20500.0,53400.0
2190,45000.0,20500.0,53400.0
2191,50750.0,20500.0,49200.0
2192,45000.0,20500.0,49200.0
2193,50750.0,20500.0,45000.0
2194,45000.0,20500.0,45000.0
2195,50750.0,20500.0,40800.0
2196,45000.0,20500.0,40800.0
2197,50750.0,20500.0,36600.0
2198,45000.0,20500.0,36600.0
2199,50750.0,20500.0,32400.0
2200,45000.0,20500.0,32400.0
2201,50750.0,20500.0,28200.0
2202,45000.0,20500.0,28200.0
2203,50750.0,20500.0,24000.0
2204,45000.0,20500.0,24000.0
2205,50750.0,20500.0,19800.0
2206,45000.0,20500.0,19800.0
2207,50750.0,20500.0,7200.0
2208,44985.0,20500.0,7200.0
2209,23750.0,20500.0,11400.0
2210,25870.0,20500.0,11400.0
2211,25870.0,20500.0,15600.0
2212,23750.0,20500.0,15600.0
2213,23750.0,20500.0,78600.0
2214,25870.0,20500.0,78600.0
2215,25870.0,20500.0,82800.0
2216,23750.0,20500.0,82800.0
2217,23750.0,20500.0,74400.0
2218,25870.0,20500.0,74400.0
2219,23750.0,20500.0,70200.0
2220,25870.0,20500.0,70200.0
2221,23750.0,20500.0,66000.0
2222,25870.0,20500.0,66000.0
2223,23750.0,20500.0,61800.0
2224,25870.0,20500.0,61800.0
2225,23750.0,20500.0,57600.0
2226,25870.0,20500.0,57600.0
2227,23750.0,20500.0,53400.0
2228,25870.0,20500.0,53400.0
2229,23750.0,20500.0,49200.0
2230,25870.0,20500.0,49200.0
2231,23750.0,20500.0,45000.0
2232,25870.0,20500.0,45000.0
2233,23750.0,20500.0,40800.0
2234,25870.0,20500.0,40800.0
2235,23750.0,20500.0,36600.0
2236,25870.0,20500.0,36600.0
2237,23750.0,20500.0,32400.0
2238,25870.0,20500.0,32400.0
2239,23750.0,20500.0,28200.0
2240,25870.0,20500.0,28200.0
2241,23750.0,20500.0,24000.0
2242,25870.0,20500.0,24000.0
2243,23750.0,20500.0,19800.0
2244,25870.0,20500.0,19800.0
2245,25870.0,19100.0,11400.0
2246,29495.0,19100.0,11400.0
2247,29495.0,19100.0,15600.0
2248,25870.0,19100.0,15600.0
2249,25870.0,19100.0,78600.0
2250,29495.0,19100.0,78600.0
2251,29495.0,19100.0,82800.0
2252,25870.0,19100.0,82800.0
2253,25870.0,19100.0,74400.0
2254,29495.0,19100.0,74400.0
2255,25870.0,19100.0,70200.0
2256,29495.0,19100.0,70200.0
2257,25870.0,19100.0,66000.0
2258,29495.0,19100.0,66000.0
2259,25870.0,19100.0,61800.0
2260,29495.0,19100.0,61800.0
2261,25870.0,19100.0,57600.0
2262,29495.0,19100.0,57600.0
2263,25870.0,19100.0,53400.0
2264,29495.0,19100.0,53400.0
2265,25870.0,19100.0,49200.0
2266,29495.0,19100.0,49200.0
2267,25870.0,19100.0,45000.0
2268,29495.0,19100.0,45000.0
2269,25870.0,19100.0,40800.0
2270,29495.0,19100.0,40800.0
2271,25870.0,19100.0,36600.0
2272,29495.0,19100.0,36600.0
2273,25870.0,19100.0,32400.0
2274,29495.0,19100.0,32400.0
2275,25870.0,19100.0,28200.0
2276,29495.0,19100.0,28200.0
2277,25870.0,19100.0,24000.0
2278,29495.0,19100.0,24000.0
2279,25870.0,19100.0,19800.0
2280,29495.0,19100.0,19800.0
2281,23750.0,17000.0,11400.0
2282,29500.0,17000.0,11400.0
2283,29500.0,17000.0,15600.0
2284,23750.0,17000.0,15600.0
2285,23750.0,17000.0,78600.0
2286,29500.0,17000.0,78600.0
2287,29500.0,17000.0,82800.0
2288,23750.0,17000.0,82800.0
2289,23750.0,17000.0,74400.0
2290,29500.0,17000.0,74400.0
2291,23750.0,17000.0,70200.0
2292,29500.0,17000.0,70200.0
2293,23750.0,17000.0,66000.0
2294,29500.0,17000.0,66000.0
2295,23750.0,17000.0,61800.0
2296,29500.0,17000.0,61800.0
2297,23750.0,17000.0,57600.0
2298,29500.0,17000.0,57600.0
2299,23750.0,17000.0,53400.0
2300,29500.0,17000.0,53400.0
2301,23750.0,17000.0,49200.0
2302,29500.0,17000.0,49200.0
2303,23750.0,17000.0,45000.0
2304,29500.0,17000.0,45000.0
2305,23750.0,17000.0,40800.0
2306,29500.0,17000.0,40800.0
2307,23750.0,17000.0,36600.0
2308,29500.0,17000.0,36600.0
2309,23750.0,17000.0,32400.0
2310,29500.0,17000.0,32400.0
2311,23750.0,17000.0,28200.0
2312,29500.0,17000.0,28200.0
2313,23750.0,17000.0,24000.0
2314,29500.0,17000.0,24000.0
2315,23750.0,17000.0,19800.0
2316,29500.0,17000.0,19800.0
2317,32750.0,16595.0,11400.0
2318,29525.0,16595.0,11400.0
2319,29525.0,16595.0,15600.0
2320,32750.0,16595.0,15600.0
2321,32750.0,16595.0,78600.0
2322,29525.0,16595.0,78600.0
2323,29525.0,16595.0,82800.0
2324,32750.0,16595.0,82800.0
2325,32750.0,16595.0,74400.0
2326,29525.0,16595.0,74400.0
2327,32750.0,16595.0,70200.0
2328,29525.0,16595.0,70200.0
2329,32750.0,16595.0,66000.0
2330,29525.0,16595.0,66000.0
2331,32750.0,16595.0,61800.0
2332,29525.0,16595.0,61800.0
2333,32750.0,16595.0,57600.0
2334,29525.0,16595.0,57600.0
2335,32750.0,16595.0,53400.0
2336,29525.0,16595.0,53400.0
2337,32750.0,16595.0,49200.0
2338,29525.0,16595.0,49200.0
2339,32750.0,16595.0,45000.0
2340,29525.0,16595.0,45000.0
2341,32750.0,16595.0,40800.0
2342,29525.0,16595.0,40800.0
2343,32750.0,16595.0,36600.0
2344,29525.0,16595.0,36600.0
2345,32750.0,16595.0,32400.0
2346,29525.0,16595.0,32400.0
2347,32750.0,16595.0,28200.0
2348,29525.0,16595.0,28200.0
2349,32750.0,16595.0,24000.0
2350,29525.0,16595.0,24000.0
2351,32750.0,16595.0,19800.0
2352,29525.0,16595.0,19800.0
2353,35300.0,14400.0,15600.0
2354,35300.0,14400.0,78600.0
2355,35300.0,14400.0,74400.0
2356,35300.0,14400.0,70200.0
2357,35300.0,14400.0,66000.0
2358,35300.0,14400.0,61800.0
2359,35300.0,14400.0,57600.0
2360,35300.0,14400.0,53400.0
2361,35300.0,14400.0,49200.0
2362,35300.0,14400.0,45000.0
2363,35300.0,14400.0,40800.0
2364,35300.0,14400.0,36600.0
2365,35300.0,14400.0,32400.0
2366,35300.0,14400.0,28200.0
2367,35300.0,14400.0,24000.0
2368,35300.0,14400.0,19800.0
2369,39200.0,25200.0,15600.0
2370,39200.0,25200.0,78600.0
2371,39200.0,25200.0,74400.0
2372,39200.0,25200.0,70200.0
2373,39200.0,25200.0,66000.0
2374,39200.0,25200.0,61800.0
2375,39200.0,25200.0,57600.0
2376,39200.0,25200.0,53400.0
2377,39200.0,25200.0,49200.0
2378,39200.0,25200.0,45000.0
2379,39200.0,25200.0,40800.0
2380,39200.0,25200.0,36600.0
2381,39200.0,25200.0,32400.0
2382,39200.0,25200.0,28200.0
2383,39200.0,25200.0,24000.0
2384,39200.0,25200.0,19800.0
2385,39200.0,14400.0,11400.0
2386,39200.0,14400.0,15600.0
2387,39200.0,14400.0,78600.0
2388,39200.0,14400.0,74400.0
2389,39200.0,14400.0,70200.0
2390,39200.0,14400.0,66000.0
2391,39200.0,14400.0,61800.0
2392,39200.0,14400.0,57600.0
2393,39200.0,14400.0,53400.0
2394,39200.0,14400.0,49200.0
2395,39200.0,14400.0,45000.0
2396,39200.0,14400.0,40800.0
2397,39200.0,14400.0,36600.0
2398,39200.0,14400.0,32400.0
2399,39200.0,14400.0,28200.0
2400,39200.0,14400.0,24000.0
2401,39200.0,14400.0,19800.0
2402,23750.0,20500.0,7200.0
2403,25870.0,20500.0,7200.0
2404,25870.0,19100.0,7200.0
2405,29495.0,19100.0,7200.0
2406,23750.0,17000.0,7200.0
2407,29500.0,17000.0,7200.0
2408,32750.0,16595.0,7200.0
2409,29525.0,16595.0,7200.0
2410,41750.0,22870.0,7200.0
2411,44975.0,22870.0,7200.0
2414,25870.0,25200.0,7200.0
2415,25870.0,17000.0,7200.0
2418,26530.0,14400.0,7200.0
2419,26530.0,16975.0,7200.0
2428,44985.0,25200.0,7200.0
2429,44985.0,14400.0,7200.0
2441,25870.0,25200.0,32400.0
2442,25870.0,16900.0,32400.0
2443,25870.0,16900.0,36600.0
2444,25870.0,25200.0,36600.0
2445,25870.0,25200.0,78600.0
2446,25870.0,16900.0,78600.0
2447,25870.0,16900.0,82800.0
2448,25870.0,25200.0,74400.0
2449,25870.0,16900.0,74400.0
2450,25870.0,25200.0,70200.0
2451,25870.0,16900.0,70200.0
2452,25870.0,25200.0,66000.0
2453,25870.0,16900.0,66000.0
2454,25870.0,25200.0,61800.0
2455,25870.0,16900.0,61800.0
2456,25870.0,25200.0,57600.0
2457,25870.0,16900.0,57600.0
2458,25870.0,25200.0,53400.0
2459,25870.0,16900.0,53400.0
2460,25870.0,25200.0,49200.0
2461,25870.0,16900.0,49200.0
2462,25870.0,25200.0,45000.0
2463,25870.0,16900.0,45000.0
2464,25870.0,25200.0,40800.0
2465,25870.0,16900.0,40800.0
2466,25870.0,25200.0,28200.0
2467,25870.0,16900.0,28200.0
2468,25870.0,25200.0,24000.0
2469,25870.0,16900.0,24000.0
2470,25870.0,25200.0,19800.0
2471,25870.0,16900.0,19800.0
2472,25870.0,25200.0,15600.0
2473,25870.0,16900.0,15600.0
2474,25870.0,25200.0,11400.0
2475,25870.0,16900.0,11400.0
2476,25870.0,16900.0,7200.0
2477,26530.0,16975.0,32400.0
2478,26530.0,14400.0,32400.0
2479,26530.0,14400.0,36600.0
2480,26530.0,16975.0,36600.0
2481,26530.0,16975.0,78600.0
2482,26530.0,14400.0,78600.0
2483,26530.0,16975.0,82800.0
2484,26530.0,16975.0,74400.0
2485,26530.0,14400.0,74400.0
2486,26530.0,16975.0,70200.0
2487,26530.0,14400.0,70200.0
2488,26530.0,16975.0,66000.0
2489,26530.0,14400.0,66000.0
2490,26530.0,16975.0,61800.0
2491,26530.0,14400.0,61800.0
2492,26530.0,16975.0,57600.0
2493,26530.0,14400.0,57600.0
2494,26530.0,16975.0,53400.0
2495,26530.0,14400.0,53400.0
2496,26530.0,16975.0,49200.0
2497,26530.0,14400.0,49200.0
2498,26530.0,16975.0,45000.0
2499,26530.0,14400.0,45000.0
2500,26530.0,16975.0,40800.0
2501,26530.0,14400.0,40800.0
2502,26530.0,16975.0,28200.0
2503,26530.0,14400.0,28200.0
2504,26530.0,16975.0,24000.0
2505,26530.0,14400.0,24000.0
2506,26530.0,16975.0,19800.0
2507,26530.0,14400.0,19800.0
2508,26530.0,16975.0,15600.0
2509,26530.0,14400.0,15600.0
2510,26530.0,16975.0,11400.0
2511,26530.0,14400.0,11400.0
2545,44985.0,16730.0,7200.0
2546,44985.0,16730.0,11400.0
2547,44985.0,14400.0,11400.0
2548,44985.0,25200.0,11400.0
2549,44985.0,14400.0,78600.0
2550,44985.0,16730.0,78600.0
2551,44985.0,16730.0,82800.0
2552,44985.0,25200.0,78600.0
2553,44985.0,14400.0,74400.0
2554,44985.0,16730.0,74400.0
2555,44985.0,25200.0,74400.0
2556,44985.0,14400.0,70200.0
2557,44985.0,16730.0,70200.0
2558,44985.0,25200.0,70200.0
2559,44985.0,14400.0,66000.0
2560,44985.0,16730.0,66000.0
2561,44985.0,25200.0,66000.0
2562,44985.0,14400.0,61800.0
2563,44985.0,16730.0,61800.0
2564,44985.0,25200.0,61800.0
2565,44985.0,14400.0,57600.0
2566,44985.0,16730.0,57600.0
2567,44985.0,25200.0,57600.0
2568,44985.0,14400.0,53400.0
2569,44985.0,16730.0,53400.0
2570,44985.0,25200.0,53400.0
2571,44985.0,14400.0,49200.0
2572,44985.0,16730.0,49200.0
2573,44985.0,25200.0,49200.0
2574,44985.0,14400.0,45000.0
2575,44985.0,16730.0,45000.0
2576,44985.0,25200.0,45000.0
2577,44985.0,14400.0,40800.0
2578,44985.0,16730.0,40800.0
2579,44985.0,25200.0,40800.0
2580,44985.0,14400.0,36600.0
2581,44985.0,16730.0,36600.0
2582,44985.0,25200.0,36600.0
2583,44985.0,14400.0,32400.0
2584,44985.0,16730.0,32400.0
2585,44985.0,25200.0,32400.0
2586,44985.0,14400.0,28200.0
2587,44985.0,16730.0,28200.0
2588,44985.0,25200.0,28200.0
2589,44985.0,14400.0,24000.0
2590,44985.0,16730.0,24000.0
2591,44985.0,25200.0,24000.0
2592,44985.0,14400.0,19800.0
2593,44985.0,16730.0,19800.0
2594,44985.0,25200.0,19800.0
2595,44985.0,14400.0,15600.0
2596,44985.0,16730.0,15600.0
2597,44985.0,25200.0,15600.0
2598,29515.0,14400.0,78600.0
2599,29515.0,22870.0,78600.0
2600,29515.0,22870.0,82800.0
2601,29515.0,25200.0,78600.0
2602,29515.0,14400.0,74400.0
2603,29515.0,22870.0,74400.0
2604,29515.0,25200.0,74400.0
2605,29515.0,14400.0,70200.0
2606,29515.0,22870.0,70200.0
2607,29515.0,25200.0,70200.0
2608,29515.0,14400.0,66000.0
2609,29515.0,22870.0,66000.0
2610,29515.0,25200.0,66000.0
2611,29515.0,14400.0,61800.0
2612,29515.0,22870.0,61800.0
2613,29515.0,25200.0,61800.0
2614,29515.0,14400.0,57600.0
2615,29515.0,22870.0,57600.0
2616,29515.0,25200.0,57600.0
2617,29515.0,14400.0,53400.0
2618,29515.0,22870.0,53400.0
2619,29515.0,25200.0,53400.0
2620,29515.0,14400.0,49200.0
2621,29515.0,22870.0,49200.0
2622,29515.0,25200.0,49200.0
2623,29515.0,14400.0,45000.0
2624,29515.0,22870.0,45000.0
2625,29515.0,25200.0,45000.0
2626,29515.0,14400.0,40800.0
2627,29515.0,22870.0,40800.0
2628,29515.0,25200.0,40800.0
2629,29515.0,14400.0,36600.0
2630,29515.0,22870.0,36600.0
2631,29515.0,25200.0,36600.0
2632,29515.0,14400.0,32400.0
2633,29515.0,22870.0,32400.0
2634,29515.0,25200.0,32400.0
2635,29515.0,14400.0,28200.0
2636,29515.0,22870.0,28200.0
2637,29515.0,25200.0,28200.0
2638,29515.0,14400.0,24000.0
2639,29515.0,22870.0,24000.0
2640,29515.0,25200.0,24000.0
2641,29515.0,14400.0,19800.0
2642,29515.0,22870.0,19800.0
2643,29515.0,25200.0,19800.0
2644,29515.0,14400.0,15600.0
2645,29515.0,22870.0,15600.0
2646,29515.0,25200.0,15600.0
2647,29515.0,22870.0,11400.0
2649,29495.0,24975.0,7200.0
2651,29495.0,14400.0,7200.0
2653,29500.0,16595.0,7200.0
2654,39200.0,14400.0,7200.0
2655,31035.0,14400.0,7200.0
2656,32750.0,19735.0,7200.0
2657,32750.0,20805.0,7200.0
2658,31035.0,25200.0,7200.0
2659,23750.0,20805.0,7200.0
2660,23750.0,19735.0,7200.0
2661,23750.0,16595.0,7200.0
2682,35387.0,25200.0,7200.0
2683,35387.0,25200.0,11400.0
2684,35387.0,25200.0,82800.0
2685,35387.0,25200.0,87850.0
2686,35387.0,25200.0,78600.0
2687,35387.0,25200.0,74400.0
2688,35387.0,25200.0,70200.0
2689,35387.0,25200.0,66000.0
2690,35387.0,25200.0,61800.0
2691,35387.0,25200.0,57600.0
2692,35387.0,25200.0,53400.0
2693,35387.0,25200.0,49200.0
2694,35387.0,25200.0,45000.0
2695,35387.0,25200.0,40800.0
2696,35387.0,25200.0,36600.0
2697,35387.0,25200.0,32400.0
2698,35387.0,25200.0,28200.0
2699,35387.0,25200.0,24000.0
2700,35387.0,25200.0,19800.0
2701,35387.0,25200.0,15600.0
2703,39138.0,25215.0,7200.0
2705,35362.0,14380.0,7200.0
2707,39138.0,14380.0,7200.0
2712,50750.01,34578.883,7200.0
2713,32749.992,4563.7417,87850.0
2714,41750.008,4563.7417,87850.0
2715,50750.01,5041.142,87850.0
2716,32749.992,4563.7417,82800.0
2717,41750.008,4563.7417,82800.0
2718,50750.01,5041.142,82800.0
2719,32749.992,4563.7417,78600.0
2720,41750.008,4563.7417,78600.0
2721,50750.01,5041.142,78600.0
2722,32749.992,4563.7417,74400.0
2723,41750.008,4563.7417,74400.0
2724,50750.01,5041.142,74400.0
2725,32749.992,4563.7417,70200.0
2726,41750.008,4563.7417,70200.0
2727,50750.01,5041.142,70200.0
2728,32749.992,4563.7417,66000.0
2729,41750.008,4563.7417,66000.0
2730,50750.01,5041.142,66000.0
2731,32749.992,4563.7417,61800.0
2732,41750.008,4563.7417,61800.0
2733,50750.01,5041.142,61800.0
2734,32749.992,4563.7417,57600.0
2735,41750.008,4563.7417,57600.0
2736,50750.01,5041.142,57600.0
2737,32749.992,4563.7417,53400.0
2738,41750.008,4563.7417,53400.0
2739,50750.01,5041.142,53400.0
2740,32749.992,4563.7417,49200.0
2741,41750.008,4563.7417,49200.0
2742,50750.01,5041.142,49200.0
2743,32749.992,4563.7417,45000.0
2744,41750.008,4563.7417,45000.0
2745,50750.01,5041.142,45000.0
2746,32749.992,4563.7417,40800.0
2747,41750.008,4563.7417,40800.0
2748,50750.01,5041.142,40800.0
2749,32749.992,4563.7417,36600.0
2750,41750.008,4563.7417,36600.0
2751,50750.01,5041.142,36600.0
2752,32749.992,4563.7417,32400.0
2753,41750.008,4563.7417,32400.0
2754,50750.01,5041.142,32400.0
2755,32749.992,4563.7417,28200.0
2756,41750.008,4563.7417,28200.0
2757,50750.01,5041.142,28200.0
2758,32749.992,4563.7417,24000.0
2759,41750.008,4563.7417,24000.0
2760,50750.01,5041.142,24000.0
2761,32749.992,4563.7417,19800.0
2762,41750.008,4563.7417,19800.0
2763,50750.01,5041.142,19800.0
2764,32749.992,4563.7417,15600.0
2765,41750.008,4563.7417,15600.0
2766,50750.01,5041.142,15600.0
2767,32749.992,4563.7417,11400.0
2768,41750.008,4563.7417,11400.0
2769,50750.01,5041.142,11400.0
2776,25550.0,25200.0,7200.0
2777,24750.0,25200.0,7200.0
2780,25550.0,25200.0,11400.0
2781,24750.0,25200.0,11400.0
2788,25450.0,25200.0,19800.0
2789,24650.0,25200.0,19800.0
2792,25450.0,25200.0,24000.0
2793,24650.0,25200.0,24000.0
2800,25400.0,25200.0,32400.0
2801,24600.0,25200.0,32400.0
2804,25400.0,25200.0,36600.0
2805,24600.0,25200.0,36600.0
2816,25325.0,25200.0,49200.0
2817,24525.0,25200.0,49200.0
2820,25300.0,25200.0,53400.0
2821,24500.0,25200.0,53400.0
2824,25300.0,25200.0,57600.0
2825,24500.0,25200.0,57600.0
2836,25250.0,25200.0,70200.0
2837,24450.0,25200.0,70200.0
2840,25250.0,25200.0,74400.0
2841,24450.0,25200.0,74400.0
2844,25200.0,25200.0,78600.0
2845,24400.0,25200.0,78600.0
2848,25200.0,25200.0,82800.0
2849,24400.0,25200.0,82800.0
2856,29150.0,25200.0,7200.0
2857,28150.0,25200.0,7200.0
2860,29150.0,25200.0,11400.0
2861,28150.0,25200.0,11400.0
2864,29150.0,25200.0,15600.0
2865,28150.0,25200.0,15600.0
2868,29150.0,25200.0,19800.0
2869,28150.0,25200.0,19800.0
2872,29150.0,25200.0,24000.0
2873,28150.0,25200.0,24000.0
2876,29150.0,25200.0,28200.0
2877,28150.0,25200.0,28200.0
2880,29150.0,25200.0,32400.0
2881,28150.0,25200.0,32400.0
2884,29150.0,25200.0,36600.0
2885,28150.0,25200.0,36600.0
2888,29150.0,25200.0,40800.0
2889,28150.0,25200.0,40800.0
2892,29150.0,25200.0,45000.0
2893,28150.0,25200.0,45000.0
2896,29150.0,25200.0,49200.0
2897,28150.0,25200.0,49200.0
2900,29150.0,25200.0,53400.0
2901,28150.0,25200.0,53400.0
2904,29150.0,25200.0,57600.0
2905,28150.0,25200.0,57600.0
2908,29150.0,25200.0,61800.0
2909,28150.0,25200.0,61800.0
2912,29150.0,25200.0,66000.0
2913,28150.0,25200.0,66000.0
2916,29150.0,25200.0,70200.0
2917,28150.0,25200.0,70200.0
2920,29150.0,25200.0,74400.0
2921,28150.0,25200.0,74400.0
2924,29150.0,25200.0,78600.0
2925,28150.0,25200.0,78600.0
2928,29150.0,25200.0,82800.0
2929,28150.0,25200.0,82800.0
2936,31950.0,25200.0,7200.0
2937,31150.0,25200.0,7200.0
2940,31950.0,25200.0,11400.0
2941,31150.0,25200.0,11400.0
2944,31950.0,25200.0,15600.0
2945,31150.0,25200.0,15600.0
2948,31950.0,25200.0,19800.0
2949,31150.0,25200.0,19800.0
2952,31900.0,25200.0,24000.0
2953,31100.0,25200.0,24000.0
2964,31725.0,25200.0,36600.0
2965,30925.0,25200.0,36600.0
2968,31725.0,25200.0,40800.0
2969,30925.0,25200.0,40800.0
2972,31625.0,25200.0,45000.0
2973,30825.0,25200.0,45000.0
2980,31675.0,25200.0,53400.0
2981,30875.0,25200.0,53400.0
2984,31625.0,25200.0,57600.0
2985,30825.0,25200.0,57600.0
2988,31625.0,25200.0,61800.0
2989,30825.0,25200.0,61800.0
2992,31625.0,25200.0,66000.0
2993,30825.0,25200.0,66000.0
3000,31520.0,25200.0,74400.0
3001,30720.0,25200.0,74400.0
3004,31575.0,25200.0,78600.0
3005,30775.0,25200.0,78600.0
3008,31525.0,25200.0,82800.0
3009,30725.0,25200.0,82800.0
3016,42750.0,25200.0,7200.0
3017,43550.0,25200.0,7200.0
3020,42750.0,25200.0,11400.0
3021,43550.0,25200.0,11400.0
3024,42750.0,25200.0,15600.0
3025,43550.0,25200.0,15600.0
3028,42750.0,25200.0,19800.0
3029,43550.0,25200.0,19800.0
3032,42750.0,25200.0,24000.0
3033,43550.0,25200.0,24000.0
3036,42750.0,25200.0,28200.0
3037,43550.0,25200.0,28200.0
3044,42775.0,25200.0,36600.0
3045,43575.0,25200.0,36600.0
3052,42750.0,25200.0,45000.0
3053,43550.0,25200.0,45000.0
3056,42775.0,25200.0,49200.0
3057,43575.0,25200.0,49200.0
3060,42750.0,25200.0,53400.0
3061,43550.0,25200.0,53400.0
3064,42750.0,25200.0,57600.0
3065,43550.0,25200.0,57600.0
3068,42750.0,25200.0,61800.0
3069,43550.0,25200.0,61800.0
3072,42750.0,25200.0,66000.0
3073,43550.0,25200.0,66000.0
3076,42750.0,25200.0,70200.0
3077,43550.0,25200.0,70200.0
3080,42750.0,25200.0,74400.0
3081,43550.0,25200.0,74400.0
3084,42750.0,25200.0,78600.0
3085,43550.0,25200.0,78600.0
3092,47250.0,25200.0,82800.0
3093,46150.0,25200.0,82800.0
3096,46050.0,25200.0,78600.0
3097,47150.0,25200.0,78600.0
3100,46050.0,25200.0,74400.0
3101,47150.0,25200.0,74400.0
3104,46050.0,25200.0,70200.0
3105,47150.0,25200.0,70200.0
3108,46050.0,25200.0,66000.0
3109,47150.0,25200.0,66000.0
3112,46050.0,25200.0,61800.0
3113,47150.0,25200.0,61800.0
3116,46050.0,25200.0,57600.0
3117,47150.0,25200.0,57600.0
3120,46050.0,25200.0,53400.0
3121,47150.0,25200.0,53400.0
3124,46100.0,25200.0,49200.0
3125,47200.0,25200.0,49200.0
3136,46050.0,25200.0,36600.0
3137,47150.0,25200.0,36600.0
3140,46050.0,25200.0,32400.0
3141,47150.0,25200.0,32400.0
3144,46050.0,25200.0,28200.0
3145,47150.0,25200.0,28200.0
3148,46050.0,25200.0,24000.0
3149,47150.0,25200.0,24000.0
3152,46050.0,25200.0,19800.0
3153,47150.0,25200.0,19800.0
3156,46050.0,25200.0,15600.0
3157,47150.0,25200.0,15600.0
3160,46050.0,25200.0,11400.0
3161,47150.0,25200.0,11400.0
3164,46050.0,25200.0,7200.0
3165,47150.0,25200.0,7200.0
3176,49150.0,25200.0,7200.0
3177,49950.0,25200.0,7200.0
3180,49150.0,25200.0,11400.0
3181,49950.0,25200.0,11400.0
3184,49150.0,25200.0,15600.0
3185,49950.0,25200.0,15600.0
3188,49150.0,25200.0,19800.0
3189,49950.0,25200.0,19800.0
3192,49150.0,25200.0,24000.0
3193,49950.0,25200.0,24000.0
3196,49150.0,25200.0,28200.0
3197,49950.0,25200.0,28200.0
3200,49150.0,25200.0,32400.0
3201,49950.0,25200.0,32400.0
3204,49150.0,25200.0,36600.0
3205,49950.0,25200.0,36600.0
3208,49150.0,25200.0,40800.0
3209,49950.0,25200.0,40800.0
3212,49150.0,25200.0,45000.0
3213,49950.0,25200.0,45000.0
3216,49150.0,25200.0,49200.0
3217,49950.0,25200.0,49200.0
3220,49150.0,25200.0,53400.0
3221,49950.0,25200.0,53400.0
3224,49150.0,25200.0,57600.0
3225,49950.0,25200.0,57600.0
3228,49150.0,25200.0,61800.0
3229,49950.0,25200.0,61800.0
3232,49150.0,25200.0,66000.0
3233,49950.0,25200.0,66000.0
3236,49150.0,25200.0,70200.0
3237,49950.0,25200.0,70200.0
3240,49150.0,25200.0,74400.0
3241,49950.0,25200.0,74400.0
3244,49150.0,25200.0,78600.0
3245,49950.0,25200.0,78600.0
3248,49950.0,25200.0,82800.0
3249,49150.0,25200.0,82800.0
3260,25750.0,14400.0,7200.0
3261,24950.0,14400.0,7200.0
3264,25750.0,14400.0,11400.0
3265,24950.0,14400.0,11400.0
3268,31850.0,14400.0,7200.0
3269,31050.0,14400.0,7200.0
3272,31750.0,14400.0,11400.0
3273,30950.0,14400.0,11400.0
3276,25750.0,14400.0,15600.0
3277,24950.0,14400.0,15600.0
3280,25750.0,14400.0,19800.0
3281,24950.0,14400.0,19800.0
3284,25750.0,14400.0,24000.0
3285,24950.0,14400.0,24000.0
3288,31750.0,14400.0,15600.0
3289,30950.0,14400.0,15600.0
3296,31725.0,14400.0,24000.0
3297,30925.0,14400.0,24000.0
3300,31700.0,14400.0,28200.0
3301,30900.0,14400.0,28200.0
3304,31725.0,14400.0,32400.0
3305,30925.0,14400.0,32400.0
3308,31675.0,14400.0,36600.0
3309,30875.0,14400.0,36600.0
3312,31650.0,14400.0,40800.0
3313,30850.0,14400.0,40800.0
3316,31650.0,14400.0,45000.0
3317,30850.0,14400.0,45000.0
3332,31650.0,14400.0,61800.0
3333,30850.0,14400.0,61800.0
3340,31550.0,14400.0,70200.0
3341,30750.0,14400.0,70200.0
3344,31550.0,14400.0,74400.0
3345,30750.0,14400.0,74400.0
3348,31575.0,14400.0,78600.0
3349,30775.0,14400.0,78600.0
3356,25750.0,14400.0,28200.0
3357,24950.0,14400.0,28200.0
3360,25750.0,14400.0,32400.0
3361,24950.0,14400.0,32400.0
3364,25750.0,14400.0,36600.0
3365,24950.0,14400.0,36600.0
3368,25750.0,14400.0,40800.0
3369,24950.0,14400.0,40800.0
3372,25750.0,14400.0,45000.0
3373,24950.0,14400.0,45000.0
3376,25750.0,14400.0,49200.0
3377,24950.0,14400.0,49200.0
3380,25750.0,14400.0,53400.0
3381,24950.0,14400.0,53400.0
3384,25750.0,14400.0,57600.0
3385,24950.0,14400.0,57600.0
3388,25750.0,14400.0,61800.0
3389,24950.0,14400.0,61800.0
3392,25750.0,14400.0,66000.0
3393,24950.0,14400.0,66000.0
3396,25750.0,14400.0,70200.0
3397,24950.0,14400.0,70200.0
3400,25750.0,14400.0,74400.0
3401,24950.0,14400.0,74400.0
3404,25750.0,14400.0,78600.0
3405,24950.0,14400.0,78600.0
3408,25725.0,14400.0,82800.0
3409,24925.0,14400.0,82800.0
3416,42750.0,14400.0,7200.0
3417,43550.0,14400.0,7200.0
3420,49150.0,14400.0,7200.0
3421,49950.0,14400.0,7200.0
3428,42750.0,14400.0,11400.0
3429,43550.0,14400.0,11400.0
3432,42750.0,14400.0,15600.0
3433,43550.0,14400.0,15600.0
3436,42750.0,14400.0,19800.0
3437,43550.0,14400.0,19800.0
3440,49150.0,14400.0,11400.0
3441,49950.0,14400.0,11400.0
3444,49150.0,14400.0,15600.0
3445,49950.0,14400.0,15600.0
3448,49150.0,14400.0,19800.0
3449,49950.0,14400.0,19800.0
3452,42750.0,14400.0,24000.0
3453,43550.0,14400.0,24000.0
3456,42750.0,14400.0,28200.0
3457,43550.0,14400.0,28200.0
3460,42750.0,14400.0,32400.0
3461,43550.0,14400.0,32400.0
3464,49150.0,14400.0,24000.0
3465,49950.0,14400.0,24000.0
3468,49150.0,14400.0,28200.0
3469,49950.0,14400.0,28200.0
3472,49150.0,14400.0,32400.0
3473,49950.0,14400.0,32400.0
3476,42750.0,14400.0,36600.0
3477,43550.0,14400.0,36600.0
3480,42750.0,14400.0,40800.0
3481,43550.0,14400.0,40800.0
3484,42750.0,14400.0,45000.0
3485,43550.0,14400.0,45000.0
3488,49150.0,14400.0,36600.0
3489,49950.0,14400.0,36600.0
3492,49150.0,14400.0,40800.0
3493,49950.0,14400.0,40800.0
3496,49150.0,14400.0,45000.0
3497,49950.0,14400.0,45000.0
3500,42775.0,14400.0,49200.0
3501,43575.0,14400.0,49200.0
3504,42800.0,14400.0,53400.0
3505,43600.0,14400.0,53400.0
3508,42800.0,14400.0,57600.0
3509,43600.0,14400.0,57600.0
3512,42775.0,14400.0,61800.0
3513,43575.0,14400.0,61800.0
3516,42750.0,14400.0,66000.0
3517,43550.0,14400.0,66000.0
3520,42750.0,14400.0,70200.0
3521,43550.0,14400.0,70200.0
3524,42750.0,14400.0,74400.0
3525,43550.0,14400.0,74400.0
3528,42750.0,14400.0,78600.0
3529,43550.0,14400.0,78600.0
3532,49150.0,14400.0,49200.0
3533,49950.0,14400.0,49200.0
3536,49150.0,14400.0,53400.0
3537,49950.0,14400.0,53400.0
3540,49150.0,14400.0,57600.0
3541,49950.0,14400.0,57600.0
3544,49150.0,14400.0,61800.0
3545,49950.0,14400.0,61800.0
3548,49150.0,14400.0,66000.0
3549,49950.0,14400.0,66000.0
3552,49150.0,14400.0,70200.0
3553,49950.0,14400.0,70200.0
3556,49150.0,14400.0,74400.0
3557,49950.0,14400.0,74400.0
3560,49150.0,14400.0,78600.0
3561,49950.0,14400.0,78600.0
3564,49150.0,14400.0,82800.0
3565,49950.0,14400.0,82800.0
3568,42750.0,14400.0,82800.0
3569,43550.0,14400.0,82800.0
3576,45850.0,14400.0,7200.0
3577,46950.0,14400.0,7200.0
3580,45850.0,14400.0,11400.0
3581,46950.0,14400.0,11400.0
3584,45850.0,14400.0,15600.0
3585,46950.0,14400.0,15600.0
3588,45850.0,14400.0,19800.0
3589,46950.0,14400.0,19800.0
3592,45850.0,14400.0,24000.0
3593,46950.0,14400.0,24000.0
3596,45850.0,14400.0,28200.0
3597,46950.0,14400.0,28200.0
3600,45850.0,14400.0,32400.0
3601,46950.0,14400.0,32400.0
3604,45850.0,14400.0,36600.0
3605,46950.0,14400.0,36600.0
3608,45850.0,14400.0,40800.0
3609,46950.0,14400.0,40800.0
3612,45850.0,14400.0,45000.0
3613,46950.0,14400.0,45000.0
3616,45850.0,14400.0,49200.0
3617,46950.0,14400.0,49200.0
3620,45850.0,14400.0,53400.0
3621,46950.0,14400.0,53400.0
3624,45850.0,14400.0,57600.0
3625,46950.0,14400.0,57600.0
3628,45850.0,14400.0,61800.0
3629,46950.0,14400.0,61800.0
3632,45850.0,14400.0,66000.0
3633,46950.0,14400.0,66000.0
3636,45850.0,14400.0,70200.0
3637,46950.0,14400.0,70200.0
3640,45850.0,14400.0,74400.0
3641,46950.0,14400.0,74400.0
3644,45850.0,14400.0,78600.0
3645,46950.0,14400.0,78600.0
3648,45850.0,14400.0,82800.0
3649,46950.0,14400.0,82800.0
3652,24350.0,17000.0,7200.0
3655,25275.0,17000.0,7200.0
3658,24375.0,17000.0,15600.0
3661,25325.0,17000.0,15600.0
3664,25550.0,17000.0,11400.0
3665,24750.0,17000.0,11400.0
3672,25550.0,17000.0,19800.0
3673,24750.0,17000.0,19800.0
3676,25550.0,17000.0,24000.0
3677,24750.0,17000.0,24000.0
3680,25550.0,17000.0,28200.0
3681,24550.0,17000.0,28200.0
3684,25550.0,17000.0,32400.0
3685,24550.0,17000.0,32400.0
3688,25550.0,17000.0,36600.0
3689,24550.0,17000.0,36600.0
3692,25550.0,17000.0,40800.0
3693,24550.0,17000.0,40800.0
3696,25550.0,17000.0,45000.0
3697,24550.0,17000.0,45000.0
3700,25550.0,17000.0,49200.0
3701,24550.0,17000.0,49200.0
3704,25550.0,17000.0,53400.0
3705,24550.0,17000.0,53400.0
3708,25550.0,17000.0,57600.0
3709,24550.0,17000.0,57600.0
3712,25550.0,17000.0,61800.0
3713,24550.0,17000.0,61800.0
3716,25550.0,17000.0,66000.0
3717,24550.0,17000.0,66000.0
3720,25550.0,17000.0,70200.0
3721,24550.0,17000.0,70200.0
3724,25550.0,17000.0,74400.0
3725,24550.0,17000.0,74400.0
3728,25550.0,17000.0,78600.0
3729,24550.0,17000.0,78600.0
3732,25550.0,17200.0,82800.0
3733,24550.0,17200.0,82800.0
3736,31640.0,25200.0,87850.0
3737,30640.0,25200.0,87850.0
3740,43700.0,25200.0,87850.0
3741,42700.0,25200.0,87850.0
3744,30550.0,14400.0,87850.0
3745,31550.0,14400.0,87850.0
3759,43550.0,22850.0,87850.0
3760,42550.0,22850.0,87850.0
3795,25550.0,17200.0,87850.0
3796,24550.0,17200.0,87850.0
3800,49950.0,25200.0,87850.0
3802,49150.0,25200.0,87850.0
3804,47250.0,25200.0,87850.0
3806,46150.0,25200.0,87850.0
3807,43550.0,25200.0,87850.0
3808,42750.0,25200.0,87850.0
3820,43550.0,25200.0,82800.0
3821,42750.0,25200.0,82800.0
3823,42750.0,14400.0,87850.0
3824,43550.0,14400.0,87850.0
3825,45850.0,14400.0,87850.0
3826,46950.0,14400.0,87850.0
3827,49150.0,14400.0,87850.0
3828,49950.0,14400.0,87850.0
3831,31520.0,14400.0,87850.0
3832,30720.0,14400.0,87850.0
3834,25725.0,14400.0,87850.0
3836,24925.0,14400.0,87850.0
3846,31520.0,14400.0,82800.0
3847,30720.0,14400.0,82800.0
3849,31525.0,25200.0,87850.0
3850,30725.0,25200.0,87850.0
3851,29150.0,25200.0,87850.0
3852,28150.0,25200.0,87850.0
3853,25200.0,25200.0,87850.0
3854,24400.0,25200.0,87850.0
3857,31575.0,25200.0,82800.0
3858,30775.0,25200.0,82800.0
3861,31575.0,14400.0,82800.0
3862,30775.0,14400.0,82800.0
3863,25750.0,14400.0,82800.0
3864,24950.0,14400.0,82800.0
3867,46050.0,25200.0,82800.0
3868,47150.0,25200.0,82800.0
3873,25550.0,17000.0,82800.0
3874,24550.0,17000.0,82800.0
3877,31520.0,25200.0,78600.0
3878,30720.0,25200.0,78600.0
3879,25250.0,25200.0,78600.0
3880,24450.0,25200.0,78600.0
3883,31550.0,14400.0,78600.0
3884,30750.0,14400.0,78600.0
3893,31500.0,25200.0,74400.0
3894,30700.0,25200.0,74400.0
3910,31500.0,25200.0,70200.0
3911,30700.0,25200.0,70200.0
3922,31625.0,25200.0,70200.0
3924,30825.0,25200.0,70200.0
3938,25250.0,25200.0,66000.0
3939,24450.0,25200.0,66000.0
3941,31600.0,14400.0,70200.0
3942,30800.0,14400.0,70200.0
3954,31600.0,14400.0,66000.0
3955,30800.0,14400.0,66000.0
3967,25300.0,25200.0,66000.0
3968,24500.0,25200.0,66000.0
3980,25300.0,25200.0,61800.0
3981,24500.0,25200.0,61800.0
3983,31650.0,14400.0,66000.0
3984,30850.0,14400.0,66000.0
3989,42775.0,14400.0,66000.0
3990,43575.0,14400.0,66000.0
3997,31660.0,14400.0,61800.0
3998,30860.0,14400.0,61800.0
4010,31660.0,14400.0,57600.0
4011,30860.0,14400.0,57600.0
4015,42800.0,14400.0,61800.0
4016,43600.0,14400.0,61800.0
4021,31675.0,25200.0,57600.0
4022,30875.0,25200.0,57600.0
4025,31625.0,14400.0,57600.0
4026,30825.0,14400.0,57600.0
4038,31625.0,14400.0,53400.0
4039,30825.0,14400.0,53400.0
4047,31745.0,25200.0,53400.0
4048,30945.0,25200.0,53400.0
4052,25325.0,25200.0,53400.0
4054,24525.0,25200.0,53400.0
4066,31745.0,25200.0,49200.0
4067,30945.0,25200.0,49200.0
4080,31625.0,14400.0,49200.0
4081,30825.0,14400.0,49200.0
4083,42775.0,25200.0,53400.0
4084,43575.0,25200.0,53400.0
4085,46100.0,25200.0,53400.0
4086,47200.0,25200.0,53400.0
4089,42775.0,14400.0,53400.0
4090,43575.0,14400.0,53400.0
4096,31625.0,25200.0,49200.0
4098,30825.0,25200.0,49200.0
4112,25325.0,25200.0,45000.0
4113,24525.0,25200.0,45000.0
4115,31650.0,14400.0,49200.0
4116,30850.0,14400.0,49200.0
4120,42750.0,25200.0,49200.0
4122,43550.0,25200.0,49200.0
4123,46125.0,25200.0,49200.0
4124,47225.0,25200.0,49200.0
4138,46125.0,25200.0,45000.0
4139,47225.0,25200.0,45000.0
4141,42750.0,14400.0,49200.0
4142,43550.0,14400.0,49200.0
4148,31725.0,25200.0,45000.0
4150,30925.0,25200.0,45000.0
4153,25375.0,25200.0,45000.0
4154,24575.0,25200.0,45000.0
4166,25375.0,25200.0,40800.0
4167,24575.0,25200.0,40800.0
4184,42750.0,25200.0,40800.0
4185,43550.0,25200.0,40800.0
4186,46125.0,25200.0,40800.0
4187,47225.0,25200.0,40800.0
4193,25400.0,25200.0,40800.0
4194,24600.0,25200.0,40800.0
4197,31675.0,14400.0,40800.0
4198,30875.0,14400.0,40800.0
4201,42775.0,25200.0,40800.0
4202,43575.0,25200.0,40800.0
4203,46050.0,25200.0,40800.0
4204,47150.0,25200.0,40800.0
4211,31775.0,25200.0,36600.0
4212,30975.0,25200.0,36600.0
4228,31775.0,25200.0,32400.0
4229,30975.0,25200.0,32400.0
4231,31725.0,14400.0,36600.0
4232,30925.0,14400.0,36600.0
4235,42750.0,25200.0,36600.0
4236,43550.0,25200.0,36600.0
4252,42750.0,25200.0,32400.0
4253,43550.0,25200.0,32400.0
4259,31975.0,25200.0,32400.0
4260,31175.0,25200.0,32400.0
4263,25425.0,25200.0,32400.0
4264,24625.0,25200.0,32400.0
4276,31975.0,25200.0,28200.0
4277,31175.0,25200.0,28200.0
4278,25425.0,25200.0,28200.0
4279,24625.0,25200.0,28200.0
4281,31700.0,14400.0,32400.0
4282,30900.0,14400.0,32400.0
4291,31900.0,25200.0,28200.0
4292,31100.0,25200.0,28200.0
4293,25450.0,25200.0,28200.0
4294,24650.0,25200.0,28200.0
4297,31725.0,14400.0,28200.0
4298,30925.0,14400.0,28200.0
4305,24750.0,17000.0,28200.0
4308,31950.0,25200.0,24000.0
4309,31150.0,25200.0,24000.0
4312,31750.0,14400.0,24000.0
4313,30950.0,14400.0,24000.0
4325,31750.0,14400.0,19800.0
4326,30950.0,14400.0,19800.0
4338,25500.0,25200.0,19800.0
4339,24700.0,25200.0,19800.0
4351,25500.0,25200.0,15600.0
4352,24700.0,25200.0,15600.0
4360,25325.0,17000.0,19800.0
4361,25175.0,17000.0,19800.0
4362,24525.0,17000.0,19800.0
4363,24375.0,17000.0,19800.0
4366,25550.0,25200.0,15600.0
4367,24750.0,25200.0,15600.0
4376,25550.0,17000.0,15600.0
4377,24750.0,17000.0,15600.0
4382,31850.0,14400.0,11400.0
4383,31050.0,14400.0,11400.0
4390,25275.0,17000.0,11400.0
4391,25150.0,17000.0,11400.0
4392,24475.0,17000.0,11400.0
4393,24350.0,17000.0,11400.0
4396,31750.0,14400.0,7200.0
4397,30950.0,14400.0,7200.0
4400,25550.0,17000.0,7200.0
4401,24750.0,17000.0,7200.0
4404,47250.0,25200.0,7200.0
4405,46150.0,25200.0,7200.0
4408,45775.0,14400.0,7200.0
4409,46875.0,14400.0,7200.0
4412,31850.0,25200.0,7200.0
4413,31050.0,25200.0,7200.0
4416,24550.0,25200.0,7200.0
4424,23749.988,34554.273,11400.0
4425,32750.0,35037.0,11400.0
4426,41750.0,35037.0,11400.0
4427,50750.01,34553.746,11400.0
4428,23749.988,34554.273,87850.0
4429,32750.0,35037.0,87850.0
4430,41750.0,35037.0,87850.0
4431,50750.01,34553.746,87850.0
4432,23749.988,34554.273,82800.0
4433,32750.0,35037.0,82800.0
4434,41750.0,35037.0,82800.0
4435,50750.01,34553.746,82800.0
4436,23749.988,34554.273,78600.0
4437,32750.0,35037.0,78600.0
4438,41750.0,35037.0,78600.0
4439,50750.01,34553.746,78600.0
4440,23749.988,34554.273,74400.0
4441,32750.0,35037.0,74400.0
4442,41750.0,35037.0,74400.0
4443,50750.01,34553.746,74400.0
4444,23749.988,34554.273,70200.0
4445,32750.0,35037.0,70200.0
4446,41750.0,35037.0,70200.0
4447,50750.01,34553.746,70200.0
4448,23749.988,34554.273,66000.0
4449,32750.0,35037.0,66000.0
4450,41750.0,35037.0,66000.0
4451,50750.01,34553.746,66000.0
4452,23749.988,34554.273,61800.0
4453,32750.0,35037.0,61800.0
4454,41750.0,35037.0,61800.0
4455,50750.01,34553.746,61800.0
4456,23749.988,34554.273,57600.0
4457,32750.0,35037.0,57600.0
4458,41750.0,35037.0,57600.0
4459,50750.01,34553.746,57600.0
4460,23749.988,34554.273,53400.0
4461,32750.0,35037.0,53400.0
4462,41750.0,35037.0,53400.0
4463,50750.01,34553.746,53400.0
4464,23749.988,34554.273,49200.0
4465,32750.0,35037.0,49200.0
4466,41750.0,35037.0,49200.0
4467,50750.01,34553.746,49200.0
4468,23749.988,34554.273,45000.0
4469,32750.0,35037.0,45000.0
4470,41750.0,35037.0,45000.0
4471,50750.01,34553.746,45000.0
4472,23749.988,34554.273,40800.0
4473,32750.0,35037.0,40800.0
4474,41750.0,35037.0,40800.0
4475,50750.01,34553.746,40800.0
4476,23749.988,34554.273,36600.0
4477,32750.0,35037.0,36600.0
4478,41750.0,35037.0,36600.0
4479,50750.01,34553.746,36600.0
4480,23749.988,34554.273,32400.0
4481,32750.0,35037.0,32400.0
4482,41750.0,35037.0,32400.0
4483,50750.01,34553.746,32400.0
4484,23749.988,34554.273,28200.0
4485,32750.0,35037.0,28200.0
4486,41750.0,35037.0,28200.0
4487,50750.01,34553.746,28200.0
4488,23749.988,34554.273,24000.0
4489,32750.0,35037.0,24000.0
4490,41750.0,35037.0,24000.0
4491,50750.01,34553.746,24000.0
4492,23749.988,34554.273,19800.0
4493,32750.0,35037.0,19800.0
4494,41750.0,35037.0,19800.0
4495,50750.01,34553.746,19800.0
4496,23749.988,34554.273,15600.0
4497,32750.0,35037.0,15600.0
4498,41750.0,35037.0,15600.0
4499,50750.01,34553.746,15600.0
4500,23749.988,34554.273,7200.0
4501,32750.0,35037.0,7200.0
4502,41750.0,35037.0,7200.0
4503,41749.992,33570.836,87850.0
4504,50750.01,34553.746,7200.0
4505,32749.992,4563.7417,7200.0
4506,41750.008,4563.7417,7200.0
4507,50750.01,5041.142,7200.0
4516,23749.996,5044.884,7200.0
4517,23749.996,5044.884,11400.0
4518,23749.996,5044.884,15600.0
4519,23749.996,5044.884,19800.0
4520,23749.996,5044.884,24000.0
4521,23749.996,5044.884,28200.0
4522,23749.996,5044.884,32400.0
4523,23749.996,5044.884,36600.0
4524,23749.996,5044.884,40800.0
4525,23749.996,5044.884,45000.0
4526,23749.996,5044.884,49200.0
4527,23749.996,5044.884,53400.0
4528,23749.996,5044.884,57600.0
4529,23749.996,5044.884,61800.0
4530,23749.996,5044.884,66000.0
4531,23749.996,5044.884,70200.0
4532,23749.996,5044.884,74400.0
4533,23749.996,5044.884,78600.0
4534,23749.996,5044.884,82800.0
4535,23749.996,5044.884,87850.0
4546,35387.0,14400.0,82800.0
4547,39113.0,14400.0,82800.0
4548,39113.0,25200.0,82800.0
4550,35362.0,25205.0,7200.0
4551,39287.0,25200.0,7200.0
4552,39287.0,25200.0,11400.0
4553,39287.0,25200.0,78600.0
4554,39287.0,25200.0,82800.0
4555,39287.0,25200.0,74400.0
4556,39287.0,25200.0,70200.0
4557,39287.0,25200.0,66000.0
4558,39287.0,25200.0,61800.0
4559,39287.0,25200.0,57600.0
4560,39287.0,25200.0,53400.0
4561,39287.0,25200.0,49200.0
4562,39287.0,25200.0,45000.0
4563,39287.0,25200.0,40800.0
4564,39287.0,25200.0,36600.0
4565,39287.0,25200.0,32400.0
4566,39287.0,25200.0,28200.0
4567,39287.0,25200.0,24000.0
4568,39287.0,25200.0,19800.0
4569,39287.0,25200.0,15600.0
4570,39113.0,25200.0,24000.0
4571,39113.0,25200.0,28200.0
4572,39113.0,25200.0,78600.0
4573,39113.0,25200.0,74400.0
4574,39113.0,25200.0,70200.0
4575,39113.0,25200.0,66000.0
4576,39113.0,25200.0,61800.0
4577,39113.0,25200.0,57600.0
4578,39113.0,25200.0,53400.0
4579,39113.0,25200.0,49200.0
4580,39113.0,25200.0,45000.0
4581,39113.0,25200.0,40800.0
4582,39113.0,25200.0,36600.0
4583,39113.0,25200.0,32400.0
4584,39113.0,25200.0,19800.0
4585,39113.0,25200.0,15600.0
4586,39113.0,25200.0,11400.0
4587,39113.0,25200.0,7200.0
4588,35387.0,14400.0,24000.0
4589,35387.0,14400.0,28200.0
4590,35387.0,14400.0,78600.0
4591,35387.0,14400.0,74400.0
4592,35387.0,14400.0,70200.0
4593,35387.0,14400.0,66000.0
4594,35387.0,14400.0,61800.0
4595,35387.0,14400.0,57600.0
4596,35387.0,14400.0,53400.0
4597,35387.0,14400.0,49200.0
4598,35387.0,14400.0,45000.0
4599,35387.0,14400.0,40800.0
4600,35387.0,14400.0,36600.0
4601,35387.0,14400.0,32400.0
4602,35387.0,14400.0,19800.0
4603,35387.0,14400.0,15600.0
4604,35387.0,14400.0,11400.0
4605,35387.0,14400.0,7200.0
4606,39113.0,14400.0,24000.0
4607,39113.0,14400.0,28200.0
4608,39113.0,14400.0,78600.0
4609,39113.0,14400.0,74400.0
4610,39113.0,14400.0,70200.0
4611,39113.0,14400.0,66000.0
4612,39113.0,14400.0,61800.0
4613,39113.0,14400.0,57600.0
4614,39113.0,14400.0,53400.0
4615,39113.0,14400.0,49200.0
4616,39113.0,14400.0,45000.0
4617,39113.0,14400.0,40800.0
4618,39113.0,14400.0,36600.0
4619,39113.0,14400.0,32400.0
4620,39113.0,14400.0,19800.0
4621,39113.0,14400.0,15600.0
4622,39113.0,14400.0,11400.0
4623,39113.0,14400.0,7200.0
4624,35385.0,15505.0,82800.0
4625,35385.0,14400.0,82800.0
4626,35385.0,14400.0,87850.0
4627,35385.0,15505.0,87850.0
4628,39115.0,24040.0,82800.0
4629,39115.0,25200.0,82800.0
4630,39115.0,25200.0,87850.0
4631,39115.0,24040.0,87850.0
4632,39113.0,14400.0,87850.0
4633,39212.0,18045.0,87850.0
4634,32750.0,18925.0,11400.0
4635,29525.0,18925.0,82800.0
4636,32750.0,18925.0,82800.0
4637,29525.0,18925.0,78600.0
4638,32750.0,18925.0,78600.0
4639,29525.0,18925.0,74400.0
4640,32750.0,18925.0,74400.0
4641,29525.0,18925.0,70200.0
4642,32750.0,18925.0,70200.0
4643,29525.0,18925.0,66000.0
4644,32750.0,18925.0,66000.0
4645,29525.0,18925.0,61800.0
4646,32750.0,18925.0,61800.0
4647,29525.0,18925.0,57600.0
4648,32750.0,18925.0,57600.0
4649,29525.0,18925.0,53400.0
4650,32750.0,18925.0,53400.0
4651,29525.0,18925.0,49200.0
4652,32750.0,18925.0,49200.0
4653,29525.0,18925.0,45000.0
4654,32750.0,18925.0,45000.0
4655,29525.0,18925.0,40800.0
4656,32750.0,18925.0,40800.0
4657,29525.0,18925.0,36600.0
4658,32750.0,18925.0,36600.0
4659,29525.0,18925.0,32400.0
4660,32750.0,18925.0,32400.0
4661,29525.0,18925.0,28200.0
4662,32750.0,18925.0,28200.0
4663,29525.0,18925.0,24000.0
4664,32750.0,18925.0,24000.0
4665,29525.0,18925.0,19800.0
4666,32750.0,18925.0,19800.0
4667,29525.0,18925.0,15600.0
4668,32750.0,18925.0,15600.0
4669,29515.0,22390.0,11400.0
4670,32750.0,22390.0,11400.0
4671,29515.0,22390.0,82800.0
4672,32750.0,22390.0,82800.0
4673,29515.0,22390.0,78600.0
4674,32750.0,22390.0,78600.0
4675,29515.0,22390.0,74400.0
4676,32750.0,22390.0,74400.0
4677,29515.0,22390.0,70200.0
4678,32750.0,22390.0,70200.0
4679,29515.0,22390.0,66000.0
4680,32750.0,22390.0,66000.0
4681,29515.0,22390.0,61800.0
4682,32750.0,22390.0,61800.0
4683,29515.0,22390.0,57600.0
4684,32750.0,22390.0,57600.0
4685,29515.0,22390.0,53400.0
4686,32750.0,22390.0,53400.0
4687,29515.0,22390.0,49200.0
4688,32750.0,22390.0,49200.0
4689,29515.0,22390.0,45000.0
4690,32750.0,22390.0,45000.0
4691,29515.0,22390.0,40800.0
4692,32750.0,22390.0,40800.0
4693,29515.0,22390.0,36600.0
4694,32750.0,22390.0,36600.0
4695,29515.0,22390.0,32400.0
4696,32750.0,22390.0,32400.0
4697,29515.0,22390.0,28200.0
4698,32750.0,22390.0,28200.0
4699,29515.0,22390.0,24000.0
4700,32750.0,22390.0,24000.0
4701,29515.0,22390.0,19800.0
4702,32750.0,22390.0,19800.0
4703,29515.0,22390.0,15600.0
4704,32750.0,22390.0,15600.0
4705,29518.266,22390.0,11400.0
4706,29518.266,22390.0,82800.0
4707,29518.266,22390.0,78600.0
4708,29518.266,22390.0,74400.0
4709,29518.266,22390.0,70200.0
4710,29518.266,22390.0,66000.0
4711,29518.266,22390.0,61800.0
4712,29518.266,22390.0,57600.0
4713,29518.266,22390.0,53400.0
4714,29518.266,22390.0,49200.0
4715,29518.266,22390.0,45000.0
4716,29518.266,22390.0,40800.0
4717,29518.266,22390.0,36600.0
4718,29518.266,22390.0,32400.0
4719,29518.266,22390.0,28200.0
4720,29518.266,22390.0,24000.0
4721,29518.266,22390.0,19800.0
4722,29518.266,22390.0,15600.0
4724,23750.0,22390.0,82800.0
4725,29527.55,14400.0,82800.0
4726,23750.0,16595.0,82800.0
4728,23750.0,18925.0,82800.0
4729,29522.293,18925.0,82800.0
4731,23750.0,22390.0,78600.0
4732,29527.55,14400.0,78600.0
4733,23750.0,16595.0,78600.0
4735,23750.0,18925.0,78600.0
4736,29522.293,18925.0,78600.0
4738,23750.0,22390.0,74400.0
4739,29527.55,14400.0,74400.0
4740,23750.0,16595.0,74400.0
4742,23750.0,18925.0,74400.0
4743,29522.293,18925.0,74400.0
4745,23750.0,22390.0,70200.0
4746,29527.55,14400.0,70200.0
4747,23750.0,16595.0,70200.0
4749,23750.0,18925.0,70200.0
4750,29522.293,18925.0,70200.0
4752,23750.0,22390.0,66000.0
4753,29527.55,14400.0,66000.0
4754,23750.0,16595.0,66000.0
4756,23750.0,18925.0,66000.0
4757,29522.293,18925.0,66000.0
4759,23750.0,22390.0,61800.0
4760,29527.55,14400.0,61800.0
4761,23750.0,16595.0,61800.0
4763,23750.0,18925.0,61800.0
4764,29522.293,18925.0,61800.0
4766,23750.0,22390.0,57600.0
4767,29527.55,14400.0,57600.0
4768,23750.0,16595.0,57600.0
4770,23750.0,18925.0,57600.0
4771,29522.293,18925.0,57600.0
4773,23750.0,22390.0,53400.0
4774,29527.55,14400.0,53400.0
4775,23750.0,16595.0,53400.0
4777,23750.0,18925.0,53400.0
4778,29522.293,18925.0,53400.0
4780,23750.0,22390.0,49200.0
4781,29527.55,14400.0,49200.0
4782,23750.0,16595.0,49200.0
4784,23750.0,18925.0,49200.0
4785,29522.293,18925.0,49200.0
4787,23750.0,22390.0,45000.0
4788,29527.55,14400.0,45000.0
4789,23750.0,16595.0,45000.0
4791,23750.0,18925.0,45000.0
4792,29522.293,18925.0,45000.0
4794,23750.0,22390.0,40800.0
4795,29527.55,14400.0,40800.0
4796,23750.0,16595.0,40800.0
4798,23750.0,18925.0,40800.0
4799,29522.293,18925.0,40800.0
4801,23750.0,22390.0,36600.0
4802,29527.55,14400.0,36600.0
4803,23750.0,16595.0,36600.0
4805,23750.0,18925.0,36600.0
4806,29522.293,18925.0,36600.0
4808,23750.0,22390.0,32400.0
4809,29527.55,14400.0,32400.0
4810,23750.0,16595.0,32400.0
4812,23750.0,18925.0,32400.0
4813,29522.293,18925.0,32400.0
4815,23750.0,22390.0,28200.0
4816,29527.55,14400.0,28200.0
4817,23750.0,16595.0,28200.0
4819,23750.0,18925.0,28200.0
4820,29522.293,18925.0,28200.0
4822,23750.0,22390.0,24000.0
4823,29527.55,14400.0,24000.0
4824,23750.0,16595.0,24000.0
4826,23750.0,18925.0,24000.0
4827,29522.293,18925.0,24000.0
4829,23750.0,22390.0,19800.0
4830,29527.55,14400.0,19800.0
4831,23750.0,16595.0,19800.0
4833,23750.0,18925.0,19800.0
4834,29522.293,18925.0,19800.0
4836,23750.0,22390.0,15600.0
4837,29527.55,14400.0,15600.0
4838,23750.0,16595.0,15600.0
4840,23750.0,18925.0,15600.0
4841,29522.293,18925.0,15600.0
4842,29525.0,14400.0,82800.0
4843,29525.0,14400.0,78600.0
4844,29525.0,14400.0,74400.0
4845,29525.0,14400.0,70200.0
4846,29525.0,14400.0,66000.0
4847,29525.0,14400.0,61800.0
4848,29525.0,14400.0,57600.0
4849,29525.0,14400.0,53400.0
4850,29525.0,14400.0,49200.0
4851,29525.0,14400.0,45000.0
4852,29525.0,14400.0,40800.0
4853,29525.0,14400.0,36600.0
4854,29525.0,14400.0,32400.0
4855,29525.0,14400.0,28200.0
4856,29525.0,14400.0,24000.0
4857,29525.0,14400.0,19800.0
4858,29525.0,14400.0,15600.0
4859,50750.0,22870.0,15600.0
4860,50750.0,22870.0,82800.0
4861,50750.0,22870.0,78600.0
4862,50750.0,22870.0,74400.0
4863,50750.0,22870.0,70200.0
4864,50750.0,22870.0,66000.0
4865,50750.0,22870.0,61800.0
4866,50750.0,22870.0,57600.0
4867,50750.0,22870.0,53400.0
4868,50750.0,22870.0,49200.0
4869,50750.0,22870.0,45000.0
4870,50750.0,22870.0,40800.0
4871,50750.0,22870.0,36600.0
4872,50750.0,22870.0,32400.0
4873,50750.0,22870.0,28200.0
4874,50750.0,22870.0,24000.0
4875,50750.0,22870.0,19800.0
4876,41750.0,20540.0,15600.0
4877,44985.0,20540.0,15600.0
4878,44985.0,22870.0,15600.0
4879,41750.0,20540.0,82800.0
4880,44985.0,20540.0,82800.0
4881,44985.0,22870.0,82800.0
4882,41750.0,20540.0,78600.0
4883,44985.0,20540.0,78600.0
4884,44985.0,22870.0,78600.0
4885,41750.0,20540.0,74400.0
4886,44985.0,20540.0,74400.0
4887,44985.0,22870.0,74400.0
4888,41750.0,20540.0,70200.0
4889,44985.0,20540.0,70200.0
4890,44985.0,22870.0,70200.0
4891,41750.0,20540.0,66000.0
4892,44985.0,20540.0,66000.0
4893,44985.0,22870.0,66000.0
4894,41750.0,20540.0,61800.0
4895,44985.0,20540.0,61800.0
4896,44985.0,22870.0,61800.0
4897,41750.0,20540.0,57600.0
4898,44985.0,20540.0,57600.0
4899,44985.0,22870.0,57600.0
4900,41750.0,20540.0,53400.0
4901,44985.0,20540.0,53400.0
4902,44985.0,22870.0,53400.0
4903,41750.0,20540.0,49200.0
4904,44985.0,20540.0,49200.0
4905,44985.0,22870.0,49200.0
4906,41750.0,20540.0,45000.0
4907,44985.0,20540.0,45000.0
4908,44985.0,22870.0,45000.0
4909,41750.0,20540.0,40800.0
4910,44985.0,20540.0,40800.0
4911,44985.0,22870.0,40800.0
4912,41750.0,20540.0,36600.0
4913,44985.0,20540.0,36600.0
4914,44985.0,22870.0,36600.0
4915,41750.0,20540.0,32400.0
4916,44985.0,20540.0,32400.0
4917,44985.0,22870.0,32400.0
4918,41750.0,20540.0,28200.0
4919,44985.0,20540.0,28200.0
4920,44985.0,22870.0,28200.0
4921,41750.0,20540.0,24000.0
4922,44985.0,20540.0,24000.0
4923,44985.0,22870.0,24000.0
4924,41750.0,20540.0,19800.0
4925,44985.0,20540.0,19800.0
4926,44985.0,22870.0,19800.0
4927,41750.0,17210.0,15600.0
4928,44985.0,17210.0,15600.0
4929,41750.0,17210.0,82800.0
4930,44985.0,17210.0,82800.0
4931,41750.0,17210.0,78600.0
4932,44985.0,17210.0,78600.0
4933,41750.0,17210.0,74400.0
4934,44985.0,17210.0,74400.0
4935,41750.0,17210.0,70200.0
4936,44985.0,17210.0,70200.0
4937,41750.0,17210.0,66000.0
4938,44985.0,17210.0,66000.0
4939,41750.0,17210.0,61800.0
4940,44985.0,17210.0,61800.0
4941,41750.0,17210.0,57600.0
4942,44985.0,17210.0,57600.0
4943,41750.0,17210.0,53400.0
4944,44985.0,17210.0,53400.0
4945,41750.0,17210.0,49200.0
4946,44985.0,17210.0,49200.0
4947,41750.0,17210.0,45000.0
4948,44985.0,17210.0,45000.0
4949,41750.0,17210.0,40800.0
4950,44985.0,17210.0,40800.0
4951,41750.0,17210.0,36600.0
4952,44985.0,17210.0,36600.0
4953,41750.0,17210.0,32400.0
4954,44985.0,17210.0,32400.0
4955,41750.0,17210.0,28200.0
4956,44985.0,17210.0,28200.0
4957,41750.0,17210.0,24000.0
4958,44985.0,17210.0,24000.0
4959,41750.0,17210.0,19800.0
4960,44985.0,17210.0,19800.0
4961,50750.0,17210.0,15600.0
4962,50750.0,17210.0,82800.0
4963,50750.0,17210.0,78600.0
4964,50750.0,17210.0,74400.0
4965,50750.0,17210.0,70200.0
4966,50750.0,17210.0,66000.0
4967,50750.0,17210.0,61800.0
4968,50750.0,17210.0,57600.0
4969,50750.0,17210.0,53400.0
4970,50750.0,17210.0,49200.0
4971,50750.0,17210.0,45000.0
4972,50750.0,17210.0,40800.0
4973,50750.0,17210.0,36600.0
4974,50750.0,17210.0,32400.0
4975,50750.0,17210.0,28200.0
4976,50750.0,17210.0,24000.0
4977,50750.0,17210.0,19800.0
4978,50750.0,20540.0,15600.0
4979,50750.0,20540.0,82800.0
4980,50750.0,20540.0,78600.0
4981,50750.0,20540.0,74400.0
4982,50750.0,20540.0,70200.0
4983,50750.0,20540.0,66000.0
4984,50750.0,20540.0,61800.0
4985,50750.0,20540.0,57600.0
4986,50750.0,20540.0,53400.0
4987,50750.0,20540.0,49200.0
4988,50750.0,20540.0,45000.0
4989,50750.0,20540.0,40800.0
4990,50750.0,20540.0,36600.0
4991,50750.0,20540.0,32400.0
4992,50750.0,20540.0,28200.0
4993,50750.0,20540.0,24000.0
4994,50750.0,20540.0,19800.0
4995,32750.0,18925.0,87850.0
4996,32750.0,22390.0,87850.0
4997,29518.266,22390.0,87850.0
4998,29522.293,18925.0,87850.0
4999,29527.55,14400.0,87850.0
5000,29525.0,18925.0,87850.0
5001,23750.0,18925.0,87850.0
5002,23750.0,22390.0,87850.0
5003,29525.0,16595.0,87850.0
5004,32750.0,16595.0,87850.0
5005,29525.0,14400.0,87850.0
5006,29515.0,22390.0,87850.0
5007,41750.0,22870.0,87850.0
5008,50750.0,22870.0,87850.0
5009,41750.0,20540.0,87850.0
5010,44985.0,20540.0,87850.0
5011,44985.0,22870.0,87850.0
5012,41750.0,17210.0,87850.0
5013,44985.0,17210.0,87850.0
5014,50750.0,17210.0,87850.0
5015,50750.0,20540.0,87850.0
5027,29525.0,18925.0,11400.0
5028,23750.0,22390.0,11400.0
5029,29527.55,14400.0,11400.0
5030,23750.0,16595.0,11400.0
5031,23750.0,18925.0,11400.0
5032,29522.293,18925.0,11400.0
5033,29525.0,14400.0,11400.0
5034,50750.0,22870.0,11400.0
5035,41750.0,20540.0,11400.0
5036,44985.0,20540.0,11400.0
5037,44985.0,22870.0,11400.0
5038,41750.0,17210.0,11400.0
5039,44985.0,17210.0,11400.0
5040,50750.0,17210.0,11400.0
5041,50750.0,20540.0,11400.0
5042,29525.0,19735.0,7200.0
5043,29525.0,20805.0,7200.0
5044,23750.0,22870.0,7200.0
5045,32750.0,22870.0,7200.0
5046,41750.0,19730.0,7200.0
5047,41750.0,18660.0,7200.0
5048,44975.0,18660.0,7200.0
5049,41750.0,16730.0,7200.0
5050,50750.0,16730.0,7200.0
5051,43465.0,14400.0,7200.0
5052,43465.0,25200.0,7200.0
5053,29527.55,14400.0,7200.0
5054,31035.0,16595.0,7200.0
5055,31035.0,19735.0,7200.0
5056,31035.0,20805.0,7200.0
5057,31035.0,22870.0,7200.0
5058,29521.352,19735.0,7200.0
5059,44982.25,16730.0,7200.0
5060,43465.0,16730.0,7200.0
5061,44979.97,18660.0,7200.0
5062,43465.0,18660.0,7200.0
5063,50750.0,18660.0,7200.0
5064,50750.0,19730.0,7200.0
5065,44978.707,19730.0,7200.0
5066,43465.0,19730.0,7200.0
5067,29517.707,22870.0,7200.0
5068,43465.0,22870.0,7200.0
5069,50750.0,22870.0,7200.0
5070,44972.25,25200.0,7200.0
5071,29515.0,18925.0,82800.0
5072,29515.0,18925.0,78600.0
5073,29515.0,18925.0,74400.0
5074,29515.0,18925.0,70200.0
5075,29515.0,18925.0,66000.0
5076,29515.0,18925.0,61800.0
5077,29515.0,18925.0,57600.0
5078,29515.0,18925.0,53400.0
5079,29515.0,18925.0,49200.0
5080,29515.0,18925.0,45000.0
5081,29515.0,18925.0,40800.0
5082,29515.0,18925.0,36600.0
5083,29515.0,18925.0,32400.0
5084,29515.0,18925.0,28200.0
5085,29515.0,18925.0,24000.0
5086,29515.0,18925.0,19800.0
5087,29515.0,18925.0,15600.0
5088,29515.0,18925.0,11400.0
